,WDS identifier,Mag 1,Mag 2,Separation (Arcsec),Theta (deg),RA h,RA m,RA s,DEC h,DEC m,DEC s
0,00011+6935,7.57,8.03,101.2,354.0,0.0,01,04.51,+69,34.0,32.0
1,00011+6935,7.56,8.87,188.2,191.0,0.0,01,04.51,+69,34.0,32.0
2,00013+6021,7.4,8.33,57.8,89.0,0.0,01,15.85,+60,21.0,19.0
3,00024+1047,8.8,8.55,63.4,301.0,0.0,02,25.33,+10,46.0,35.9
4,00054+1620,8.69,8.86,88.2,337.0,0.0,05,24.30,+16,19.0,44.4
5,00080+3123,7.13,7.28,110.9,113.0,0.0,08,01.73,+31,23.0,28.4
6,00091+4051,7.04,7.66,158.5,268.0,0.0,09,03.67,+40,50.0,34.3
7,00097+5202,7.62,8.54,83.2,51.0,0.0,09,44.24,+52,1.0,41.9
8,00104+5831,7.79,8.34,124.2,4.0,0.0,10,24.20,+58,29.0,22.2
9,00104+4952,8.62,8.72,77.0,294.0,0.0,10,25.67,+49,52.0,21.8
10,00108+5846,8.13,8.63,39.2,101.0,0.0,10,37.25,+58,44.0,53.6
11,00108+5846,8.13,8.29,104.7,43.0,0.0,10,37.25,+58,44.0,53.6
12,00112+4933,8.24,8.99,66.2,311.0,0.0,11,09.34,+49,32.0,48.0
13,00116+5813,7.11,8.61,138.7,83.0,0.0,11,37.15,+58,12.0,42.6
14,00141+7601,7.39,7.81,73.2,103.0,0.0,14,02.61,+76,1.0,37.2
15,00148+6250,8.04,8.55,17.6,176.0,0.0,14,49.33,+62,50.0,25.5
16,00150+0849,6.06,7.51,11.2,148.0,0.0,14,58.84,+08,49.0,15.5
17,00218+6628,8.58,7.8,155.5,95.0,0.0,21,42.61,+66,27.0,52.6
18,00239+2930,8.32,8.55,33.0,224.0,0.0,23,53.23,+29,30.0,09.1
19,00239+2930,8.32,8.92,145.9,137.0,0.0,23,53.23,+29,30.0,09.1
20,00272+4959,6.96,8.92,13.2,316.0,0.0,27,12.45,+49,59.0,08.6
21,00303+6445,7.27,8.28,151.4,11.0,0.0,30,16.38,+64,44.0,56.3
22,00307+3208,7.57,7.7,197.6,317.0,0.0,30,39.88,+32,8.0,11.4
23,00310-1005,6.91,8.43,78.4,89.0,0.0,30,59.89,-10,5.0,04.9
24,00320+2831,8.92,8.94,43.4,17.0,0.0,31,56.31,+28,30.0,34.5
25,00345-0433,7.1,8.65,20.1,45.0,0.0,34,29.79,-04,32.0,47.5
26,00352+3650,6.72,8.48,11.8,313.0,0.0,35,09.63,+36,49.0,56.2
27,00355+5841,8.66,8.97,17.1,144.0,0.0,35,27.32,+58,40.0,42.6
28,00389-2536,7.78,8.85,45.8,248.0,0.0,38,53.06,-25,35.0,44.9
29,00396+8445,7.96,8.5,40.3,67.0,0.0,39,35.16,+84,44.0,52.0
30,00400+7652,6.86,8.78,118.3,142.0,0.0,39,59.48,+76,52.0,16.1
31,00403+5928,7.16,7.44,182.6,11.0,0.0,40,20.04,+59,27.0,51.2
32,00403+2403,7.25,8.82,16.2,206.0,0.0,40,19.78,+24,3.0,14.0
33,00407-0421,6.01,8.46,63.0,286.0,0.0,40,42.37,-04,21.0,06.6
34,00426-5407,8.51,8.86,16.7,242.0,0.0,42,34.88,-54,7.0,04.0
35,00464+3057,7.25,7.43,47.8,47.0,0.0,46,24.34,+30,56.0,33.5
36,00474+5106,7.97,8.35,56.8,75.0,0.0,47,24.62,+51,5.0,45.9
37,00499+3027,7.75,8.81,117.5,244.0,0.0,49,52.79,+30,27.0,01.0
38,00524-6930,6.7,7.35,20.4,82.0,0.0,52,24.52,-69,30.0,13.6
39,00540-2503,8.8,8.94,12.9,127.0,0.0,53,59.28,-25,2.0,33.1
40,00596-7549,8.12,8.87,26.5,84.0,0.0,59,33.91,-75,48.0,52.7
41,01058+0455,6.39,7.26,33.2,83.0,1.0,05,49.22,+04,54.0,31.2
42,01072+3839,7.62,8.77,59.3,164.0,1.0,07,09.16,+38,39.0,01.7
43,01101+5145,8.14,8.59,14.5,191.0,1.0,10,07.56,+51,44.0,48.2
44,01129+3205,7.02,8.14,20.0,250.0,1.0,12,52.98,+32,4.0,31.7
45,01137-5040,8.49,8.51,62.3,81.0,1.0,13,42.49,-50,39.0,31.1
46,01166+7402,7.06,7.88,62.6,204.0,1.0,16,36.23,+74,1.0,36.5
47,01178+4901,7.19,8.79,10.2,223.0,1.0,17,47.96,+49,0.0,30.5
48,01191+8052,7.56,6.69,127.6,24.0,1.0,19,07.19,+80,51.0,42.6
49,01211+6439,6.34,8.63,57.4,342.0,1.0,21,05.27,+64,39.0,29.3
50,01245+3902,7.96,8.47,134.9,347.0,1.0,24,30.85,+39,1.0,30.3
51,01256+3133,8.09,8.06,56.7,106.0,1.0,25,34.17,+31,33.0,01.9
52,01284+0758,6.34,8.02,68.9,100.0,1.0,28,22.92,+07,57.0,40.9
53,01291+3756,8.66,8.74,82.8,333.0,1.0,29,04.10,+37,55.0,50.2
54,01316-1901,6.86,7.47,80.8,114.0,1.0,31,33.96,-19,1.0,22.8
55,01335+6039,8.72,8.21,146.8,125.0,1.0,33,29.21,+60,38.0,47.7
56,01349+1234,7.33,8.33,15.6,77.0,1.0,34,51.61,+12,33.0,31.2
57,01350-2955,7.26,8.8,130.8,19.0,1.0,35,00.96,-29,54.0,38.0
58,01374+5838,7.26,8.96,26.9,77.0,1.0,37,22.87,+58,38.0,14.7
59,01376+2233,7.83,8.83,88.2,316.0,1.0,37,38.72,+22,33.0,25.7
60,01388-5327,7.15,8.49,10.2,105.0,1.0,38,48.55,-53,26.0,20.0
61,01397-3728,7.41,8.88,19.6,278.0,1.0,39,41.50,-37,28.0,24.3
62,01434-0705,7.73,8.19,35.7,196.0,1.0,43,22.43,-07,4.0,37.3
63,01443+0929,7.87,8.39,191.7,284.0,1.0,44,15.19,+09,29.0,02.7
64,01486+1618,8.69,8.55,53.7,327.0,1.0,48,33.31,+16,18.0,21.9
65,01580-0204,6.58,8.84,152.1,199.0,1.0,57,59.39,-02,3.0,34.2
66,02022+7530,6.77,8.94,122.5,169.0,2.0,02,09.27,+75,30.0,07.9
67,02027-3019,8.18,8.89,43.3,150.0,2.0,02,44.39,-30,19.0,18.6
68,02057-2423,8.62,8.96,56.6,257.0,2.0,05,41.51,-24,22.0,33.8
69,02103+3322,8.03,8.89,11.6,184.0,2.0,10,16.10,+33,21.0,55.2
70,02109+3902,6.05,6.71,16.6,36.0,2.0,10,52.83,+39,2.0,22.4
71,02120-3217,8.24,8.79,148.4,181.0,2.0,12,01.31,-32,17.0,15.5
72,02128+7941,6.47,7.15,55.7,278.0,2.0,12,49.98,+79,41.0,29.3
73,02129+5712,7.08,8.76,91.1,333.0,2.0,12,56.06,+57,12.0,16.2
74,02169+5703,6.52,7.41,102.8,205.0,2.0,16,51.71,+57,3.0,18.9
75,02174+2845,7.09,7.83,14.0,212.0,2.0,17,25.29,+28,44.0,42.1
76,02186+4017,7.26,8.03,11.3,293.0,2.0,18,36.27,+40,16.0,43.7
77,02197+6002,6.95,7.3,62.9,201.0,2.0,19,44.49,+60,1.0,46.4
78,02198-2352,8.58,8.88,41.8,287.0,2.0,19,49.89,-23,52.0,01.1
79,02268+1034,6.72,8.31,73.8,31.0,2.0,26,45.64,+10,33.0,55.0
80,02282+5423,8.97,8.95,94.2,29.0,2.0,28,13.47,+54,22.0,53.9
81,02315+0106,7.52,7.62,13.7,220.0,2.0,31,29.87,+01,5.0,39.2
82,02359+6338,7.78,8.3,88.1,88.0,2.0,35,42.84,+63,38.0,05.5
83,02360-2124,7.17,8.66,14.7,98.0,2.0,35,59.43,-21,24.0,13.2
84,02369+5555,7.65,8.66,138.6,276.0,2.0,36,52.80,+55,54.0,55.4
85,02370+2439,6.5,7.02,37.9,275.0,2.0,37,00.52,+24,38.0,50.0
86,02377+6520,8.24,7.56,115.5,134.0,2.0,37,39.55,+65,20.0,26.0
87,02389-5450,7.67,8.56,20.6,205.0,2.0,38,56.78,-54,50.0,14.1
88,02390+6235,6.65,7.56,67.9,148.0,2.0,38,58.34,+62,35.0,29.4
89,02397-5934,7.67,7.69,36.5,97.0,2.0,39,39.84,-59,34.0,02.9
90,02420+4248,8.39,8.46,21.1,249.0,2.0,41,58.44,+42,47.0,30.6
91,02422+4242,8.47,8.32,87.2,290.0,2.0,42,13.13,+42,41.0,57.2
92,02425+4016,7.56,8.23,23.5,212.0,2.0,42,29.48,+40,15.0,40.5
93,02442-2530,7.04,8.5,12.5,193.0,2.0,44,14.51,-25,29.0,43.9
94,02454+5634,8.55,8.87,15.8,279.0,2.0,45,24.74,+56,33.0,49.3
95,02498-2015,7.56,8.19,37.8,267.0,2.0,49,47.42,-20,14.0,45.7
96,02511+6025,7.39,8.37,126.2,159.0,2.0,51,07.98,+60,25.0,03.9
97,02572-2458,8.06,7.86,29.2,226.0,2.0,57,14.69,-24,58.0,09.9
98,03009+5940,7.33,8.03,73.9,231.0,3.0,00,53.78,+59,39.0,57.4
99,03023+4124,7.99,8.89,97.9,209.0,3.0,02,16.79,+41,23.0,45.7
100,03046-5119,7.61,8.54,38.3,70.0,3.0,04,33.14,-51,19.0,19.6
101,03092+0728,7.66,7.84,81.0,163.0,3.0,09,10.53,+07,27.0,37.5
102,03093+2046,6.54,8.77,122.3,239.0,3.0,09,20.13,+20,45.0,40.0
103,03109-1108,7.33,8.64,143.3,50.0,3.0,10,51.53,-11,7.0,30.3
104,03136+3909,8.73,8.92,11.7,311.0,3.0,13,35.34,+39,8.0,41.5
105,03151+1618,8.91,8.5,172.2,185.0,3.0,15,07.58,+16,18.0,12.9
106,03152-6427,6.68,8.96,19.2,105.0,3.0,15,11.02,-64,26.0,37.9
107,03174+0739,7.44,7.82,156.0,38.0,3.0,17,26.29,+07,39.0,21.0
108,03221+6244,7.73,7.8,115.9,111.0,3.0,22,04.87,+62,44.0,29.2
109,03229+2949,8.59,8.8,10.5,101.0,3.0,22,51.83,+29,49.0,06.3
110,03240-2613,8.24,8.53,20.7,95.0,3.0,23,57.29,-26,12.0,58.1
111,03242+6728,7.8,8.99,11.2,297.0,3.0,24,14.96,+67,27.0,18.6
112,03260-3558,6.4,7.34,140.0,164.0,3.0,25,55.84,-35,55.0,15.2
113,03311+2744,7.41,7.81,44.1,234.0,3.0,31,03.47,+27,43.0,53.6
114,03313+2734,6.58,6.93,11.4,269.0,3.0,31,20.76,+27,34.0,18.5
115,03320+6735,7.68,8.97,22.1,1.0,3.0,32,01.42,+67,35.0,08.4
116,03332-1003,8.61,7.37,80.2,311.0,3.0,33,15.55,-10,3.0,35.8
117,03334+2322,7.17,7.67,68.7,33.0,3.0,33,23.73,+23,22.0,05.6
118,03335+5846,6.43,7.68,20.5,245.0,3.0,33,32.19,+58,45.0,55.3
119,03336-0725,7.61,7.96,66.7,139.0,3.0,33,37.91,-07,24.0,54.1
120,03342+4837,7.38,8.81,175.2,29.0,3.0,34,12.97,+48,37.0,02.9
121,03356+4253,7.45,7.98,177.6,90.0,3.0,35,35.80,+42,53.0,15.2
122,03382-5947,7.0,8.34,57.4,272.0,3.0,38,10.24,-59,46.0,35.0
123,03383+4448,7.21,7.53,41.0,96.0,3.0,38,18.83,+44,48.0,06.5
124,03400+6352,6.92,8.27,45.9,72.0,3.0,39,58.81,+63,52.0,13.4
125,03431+2541,7.2,8.87,13.2,3.0,3.0,43,06.52,+25,40.0,52.9
126,03437+6559,7.87,8.75,87.5,259.0,3.0,43,45.00,+65,58.0,41.0
127,03440+3822,7.8,8.28,33.7,83.0,3.0,43,58.92,+38,22.0,25.6
128,03446+2754,6.78,6.91,135.4,53.0,3.0,44,37.21,+27,53.0,51.5
129,03448-7002,7.42,7.57,75.9,83.0,3.0,44,46.84,-70,1.0,35.9
130,03463+2411,8.13,7.7,38.8,308.0,3.0,46,16.00,+24,11.0,23.5
131,03475+2406,6.27,8.22,86.2,345.0,3.0,47,21.03,+24,6.0,58.5
132,03475+2406,6.27,8.73,75.2,305.0,3.0,47,21.03,+24,6.0,58.5
133,03475+2406,8.22,8.73,54.7,225.0,3.0,47,19.34,+24,8.0,20.8
134,03493+5707,6.46,7.17,58.3,77.0,3.0,49,19.76,+57,7.0,05.8
135,03494+2423,6.58,7.53,86.8,309.0,3.0,49,21.74,+24,22.0,51.8
136,03505+2430,7.6,8.8,15.5,-1.0,3.0,50,28.05,+24,29.0,43.7
137,03536-4654,6.06,8.47,76.4,3.0,3.0,53,33.33,-46,53.0,37.2
138,03545+0510,7.46,8.93,59.6,358.0,3.0,54,27.23,+05,10.0,28.5
139,04010-5424,7.7,8.22,64.4,142.0,4.0,00,59.36,-54,23.0,31.8
140,04078+6220,6.91,6.94,18.0,306.0,4.0,07,51.38,+62,19.0,48.4
141,04080+4311,7.18,6.55,130.1,70.0,4.0,08,01.84,+43,10.0,45.3
142,04095-1729,8.07,8.29,118.4,135.0,4.0,09,28.16,-17,28.0,43.3
143,04125-3609,7.17,7.95,49.7,50.0,4.0,12,30.90,-36,9.0,09.2
144,04155+0611,6.38,7.01,64.6,316.0,4.0,15,28.86,+06,11.0,13.6
145,04159+3142,7.48,8.59,56.2,43.0,4.0,15,55.73,+31,41.0,35.1
146,04173+4613,7.12,7.99,58.6,321.0,4.0,17,19.77,+46,13.0,03.6
147,04189+0146,7.84,7.94,102.7,324.0,4.0,18,58.95,+01,45.0,01.5
148,04198+2344,7.59,8.92,108.6,50.0,4.0,19,45.68,+23,44.0,17.9
149,04210+5015,7.31,8.19,71.0,328.0,4.0,20,57.50,+50,15.0,17.4
150,04211+5532,7.68,7.95,99.9,160.0,4.0,21,03.12,+55,31.0,52.5
151,04215-2544,6.15,8.23,43.7,41.0,4.0,21,31.29,-25,43.0,42.4
152,04240+2418,6.36,7.94,29.1,291.0,4.0,23,59.76,+24,18.0,03.7
153,04244+3419,7.3,8.49,19.0,62.0,4.0,24,24.85,+34,18.0,53.1
154,04247-0845,8.59,8.69,151.4,77.0,4.0,24,42.01,-08,45.0,10.5
155,04249-7741,8.06,8.27,10.4,67.0,4.0,24,52.66,-77,41.0,06.1
156,04271+1812,6.92,8.78,19.0,58.0,4.0,27,04.85,+18,12.0,27.1
157,04289+3022,6.44,8.03,14.9,36.0,4.0,28,51.98,+30,21.0,41.5
158,04334+4304,6.12,6.83,121.4,197.0,4.0,33,24.90,+43,3.0,50.0
159,04348+2242,6.82,8.8,182.3,291.0,4.0,34,45.44,+22,41.0,32.3
160,04352-0944,6.71,7.64,12.8,261.0,4.0,35,14.12,-09,44.0,10.9
161,04363+4722,7.59,7.91,55.7,202.0,4.0,36,15.09,+47,22.0,15.6
162,04374+0034,7.55,7.57,78.8,352.0,4.0,37,26.72,+00,33.0,11.2
163,04380-1302,7.33,7.85,12.3,172.0,4.0,37,59.75,-13,1.0,44.0
164,04382+7128,7.67,8.5,111.9,279.0,4.0,38,08.93,+71,28.0,12.0
165,04396-2115,7.34,8.96,39.9,314.0,4.0,39,37.02,-21,14.0,51.4
166,04492-4223,7.26,7.31,149.9,134.0,4.0,49,10.64,-42,23.0,05.3
167,04516-1325,8.39,8.9,70.5,180.0,4.0,51,38.74,-13,24.0,32.7
168,04519-3414,6.75,8.67,51.9,160.0,4.0,51,54.24,-34,14.0,19.1
169,04519-3414,6.75,8.92,99.6,308.0,4.0,51,54.24,-34,14.0,19.1
170,04519-3414,8.92,8.67,146.4,139.0,4.0,51,47.95,-34,13.0,17.2
171,04531-0117,7.93,8.07,41.0,355.0,4.0,53,04.82,-01,16.0,32.8
172,04543+0722,8.33,8.41,16.0,200.0,4.0,54,16.64,+07,22.0,22.9
173,04590+1433,6.06,7.43,39.3,306.0,4.0,58,59.41,+14,32.0,35.7
174,04593+3101,8.43,7.66,158.4,12.0,4.0,59,20.56,+31,0.0,49.5
175,04599+2720,6.98,8.72,20.5,207.0,4.0,59,53.75,+27,19.0,32.2
176,05006+0337,6.59,6.95,21.2,260.0,5.0,00,33.93,+03,36.0,56.8
177,05017+2640,6.85,8.25,78.3,159.0,5.0,01,44.28,+26,40.0,15.8
178,05020+0137,6.5,7.71,14.4,49.0,5.0,02,00.03,+01,36.0,31.9
179,05036+6305,7.68,7.98,33.3,211.0,5.0,03,33.31,+63,5.0,09.3
180,05053+6923,8.31,8.94,106.2,167.0,5.0,05,15.08,+69,22.0,44.3
181,05092+1130,8.35,8.49,31.1,104.0,5.0,09,12.56,+11,29.0,42.9
182,05096+2947,6.72,8.49,68.4,245.0,5.0,09,43.70,+29,47.0,55.1
183,05102+1400,8.62,8.86,26.6,166.0,5.0,10,14.62,+13,59.0,42.6
184,05120+0650,7.59,7.82,127.7,53.0,5.0,12,01.23,+06,50.0,17.3
185,05126-1727,8.51,8.54,47.6,279.0,5.0,12,33.01,-17,27.0,16.5
186,05129-2711,7.24,7.51,85.7,39.0,5.0,12,51.81,-27,10.0,39.3
187,05151-3639,6.85,8.34,23.8,285.0,5.0,15,08.76,-36,39.0,10.4
188,05176-1513,6.96,8.46,20.6,307.0,5.0,17,35.50,-15,13.0,10.5
189,05193-1045,7.52,7.55,10.5,95.0,5.0,19,20.88,-10,44.0,49.9
190,05193-1831,6.31,6.48,39.3,19.0,5.0,19,17.44,-18,31.0,11.8
191,05204-0802,7.64,8.57,34.9,5.0,5.0,20,24.16,-08,1.0,47.0
192,05226-1953,7.89,8.73,85.7,10.0,5.0,22,35.29,-19,52.0,42.3
193,05235+1602,7.27,8.1,25.4,287.0,5.0,23,31.74,+16,2.0,25.8
194,05244+4237,8.1,8.9,42.6,237.0,5.0,24,22.85,+42,36.0,37.0
195,05246+0149,8.3,8.94,46.4,220.0,5.0,24,38.61,+01,48.0,38.8
196,05248-5219,6.24,6.74,38.3,288.0,5.0,24,46.29,-52,18.0,58.2
197,05252+3451,6.65,8.33,31.4,348.0,5.0,25,12.94,+34,51.0,18.6
198,05252-1119,8.61,8.91,10.3,196.0,5.0,25,13.07,-11,18.0,44.6
199,05255+3411,6.75,8.48,110.4,246.0,5.0,25,30.00,+34,11.0,10.9
200,05256+3041,8.35,8.9,49.4,149.0,5.0,25,36.15,+30,41.0,56.7
201,05297+3327,8.67,8.74,58.8,171.0,5.0,29,38.75,+33,28.0,04.6
202,05298+1825,7.65,8.22,56.1,21.0,5.0,29,49.77,+18,24.0,58.3
203,05308+3950,6.49,7.69,75.2,277.0,5.0,30,45.08,+39,49.0,33.3
204,05317+0250,7.53,8.91,66.9,353.0,5.0,31,41.22,+02,49.0,58.2
205,05331-0143,6.67,8.35,29.2,243.0,5.0,33,07.35,-01,43.0,02.5
206,05353-0523,6.55,6.38,21.4,96.0,5.0,35,15.82,-05,23.0,14.3
207,05353-0523,7.49,6.38,19.4,121.0,5.0,35,16.11,-05,23.0,06.8
208,05354-0525,6.19,8.46,76.5,102.0,5.0,35,26.40,-05,25.0,00.7
209,05358-0059,8.02,8.96,15.1,123.0,5.0,35,48.03,-00,59.0,12.8
210,05376+2308,8.79,8.96,38.1,36.0,5.0,37,36.58,+23,8.0,19.9
211,05379+0058,7.45,7.99,79.5,32.0,5.0,37,53.45,+00,58.0,07.0
212,05381-0011,7.96,8.69,51.4,88.0,5.0,38,06.52,-00,11.0,03.5
213,05381-0011,7.96,8.52,41.7,80.0,5.0,38,06.52,-00,11.0,03.5
214,05381-0011,7.96,8.67,138.3,263.0,5.0,38,06.52,-00,11.0,03.5
215,05381-0011,8.69,8.52,11.4,298.0,5.0,38,09.90,-00,11.0,01.1
216,05386-0233,7.86,8.39,68.1,202.0,5.0,38,36.54,-02,33.0,12.7
217,05386-0233,7.86,8.55,72.1,209.0,5.0,38,36.54,-02,33.0,12.7
218,05387-0236,6.56,8.79,23.8,252.0,5.0,38,45.62,-02,35.0,58.9
219,05387-0236,6.34,8.79,52.9,242.0,5.0,38,47.20,-02,35.0,40.5
220,05387-0236,6.34,6.56,29.8,233.0,5.0,38,47.20,-02,35.0,40.5
221,05392+2317,8.88,7.76,148.7,31.0,5.0,39,09.17,+23,17.0,17.7
222,05393-1751,6.69,8.89,88.8,137.0,5.0,39,16.23,-17,50.0,57.9
223,05393-1751,6.69,7.9,75.4,9.0,5.0,39,16.23,-17,50.0,57.9
224,05393-1751,6.69,8.25,133.9,300.0,5.0,39,16.23,-17,50.0,57.9
225,05397-2026,6.87,7.94,10.9,124.0,5.0,39,44.71,-20,26.0,06.7
226,05403+1521,7.0,8.36,10.1,275.0,5.0,40,18.85,+15,21.0,00.2
227,05413+2929,6.38,7.08,25.8,15.0,5.0,41,20.98,+29,29.0,14.7
228,05429+0001,8.6,8.83,47.4,305.0,5.0,42,55.94,+00,1.0,28.7
229,05459+2555,7.27,8.32,14.7,347.0,5.0,45,55.39,+25,54.0,49.3
230,05460+2119,8.27,8.11,124.5,160.0,5.0,46,00.80,+21,19.0,04.5
231,05468-0316,8.66,8.93,24.7,131.0,5.0,46,46.54,-03,15.0,36.4
232,05472-2430,8.19,8.76,15.3,70.0,5.0,47,12.85,-24,29.0,44.1
233,05479+2441,6.95,7.71,93.7,166.0,5.0,47,56.13,+24,41.0,12.6
234,05484+2052,6.01,8.29,75.4,162.0,5.0,48,22.36,+20,52.0,10.3
235,05498+3258,8.57,8.85,60.2,90.0,5.0,49,46.20,+32,58.0,23.4
236,05499+2259,8.37,8.99,112.4,132.0,5.0,49,53.62,+22,58.0,47.6
237,05518+2827,8.41,8.87,12.1,50.0,5.0,51,48.20,+28,26.0,59.6
238,05530+2047,7.7,8.85,117.3,301.0,5.0,52,58.21,+20,46.0,40.3
239,05547+1351,7.89,8.29,46.0,132.0,5.0,54,44.73,+13,51.0,17.1
240,05549+0702,8.68,8.93,18.6,73.0,5.0,54,51.96,+07,1.0,53.8
241,05552+7652,8.13,8.87,31.7,36.0,5.0,55,09.78,+76,52.0,09.7
242,05556+5328,7.63,8.77,48.9,143.0,5.0,55,37.56,+53,27.0,35.5
243,05561+1356,6.67,8.41,85.6,321.0,5.0,56,03.43,+13,55.0,29.7
244,05572-5326,6.63,7.58,55.6,303.0,5.0,57,14.36,-53,25.0,32.5
245,05575+0024,8.01,8.32,56.1,194.0,5.0,57,27.59,+00,23.0,58.5
246,06047-4505,6.02,6.39,196.1,321.0,6.0,04,40.10,-45,4.0,44.1
247,06055+1435,7.78,8.84,35.8,189.0,6.0,05,27.33,+14,34.0,36.9
248,06065+1045,7.17,8.95,21.5,248.0,6.0,06,28.04,+10,45.0,01.0
249,06085+1358,7.28,8.31,28.3,122.0,6.0,08,30.36,+13,58.0,15.8
250,06085+1358,8.15,8.31,25.8,123.0,6.0,08,30.53,+13,58.0,14.9
251,06092+1139,8.49,8.98,38.2,9.0,6.0,09,09.51,+11,39.0,19.0
252,06096+0540,8.49,8.97,45.2,242.0,6.0,09,35.88,+05,40.0,07.6
253,06122-6532,6.86,8.07,20.6,120.0,6.0,12,11.24,-65,31.0,52.2
254,06131+4431,8.59,8.8,32.1,211.0,6.0,13,05.55,+44,30.0,57.0
255,06141+2359,7.55,7.95,114.4,178.0,6.0,14,08.93,+23,59.0,11.2
256,06143+1430,7.25,8.04,170.6,198.0,6.0,14,18.35,+14,29.0,37.0
257,06145+1148,7.21,7.62,90.5,312.0,6.0,14,31.13,+11,47.0,49.0
258,06156+3609,6.89,7.38,11.4,216.0,6.0,15,39.06,+36,8.0,55.3
259,06163-5913,6.49,7.61,32.5,234.0,6.0,16,18.78,-59,12.0,48.6
260,06193-2458,7.32,8.29,59.6,8.0,6.0,19,15.29,-24,58.0,29.8
261,06194+1326,6.94,7.74,72.3,44.0,6.0,19,25.40,+13,26.0,02.1
262,06198-3930,6.73,8.07,39.6,54.0,6.0,19,47.95,-39,29.0,11.4
263,06206+2511,7.08,8.86,57.4,265.0,6.0,20,36.35,+25,11.0,20.4
264,06206+1803,7.72,8.92,47.2,130.0,6.0,20,34.48,+18,2.0,56.7
265,06210+0944,8.14,7.93,124.5,19.0,6.0,21,01.17,+09,43.0,45.5
266,06212+2108,7.31,8.92,59.7,258.0,6.0,21,14.48,+21,7.0,56.7
267,06222-1636,8.68,8.8,22.8,193.0,6.0,22,08.50,-16,36.0,00.4
268,06224+2640,8.76,8.95,18.0,349.0,6.0,22,25.95,+26,40.0,08.4
269,06244-1613,6.98,8.4,16.5,88.0,6.0,24,21.15,-16,13.0,28.4
270,06247+5940,7.58,7.58,134.5,323.0,6.0,24,43.95,+59,40.0,10.4
271,06255-3504,6.4,7.61,134.4,48.0,6.0,25,30.01,-35,3.0,50.5
272,06267+0027,6.99,8.11,66.0,152.0,6.0,26,43.39,+00,27.0,15.2
273,06278+2047,6.65,8.18,24.7,203.0,6.0,27,46.58,+20,47.0,22.6
274,06291-4022,7.7,7.98,64.0,119.0,6.0,29,07.12,-40,22.0,18.8
275,06317+0546,7.23,8.62,10.8,287.0,6.0,31,40.54,+05,46.0,08.8
276,06323+1747,6.31,6.88,19.9,212.0,6.0,32,18.52,+17,47.0,03.4
277,06341+2207,7.17,7.41,53.0,244.0,6.0,34,07.10,+22,7.0,27.2
278,06343+3805,6.77,8.69,42.7,74.0,6.0,34,19.37,+38,4.0,33.6
279,06376+1211,6.91,8.09,143.5,165.0,6.0,37,33.90,+12,10.0,50.0
280,06377+6129,6.04,8.78,182.2,74.0,6.0,37,41.38,+61,28.0,52.4
281,06406+0947,8.49,8.99,103.3,136.0,6.0,40,38.37,+09,47.0,16.0
282,06412-0759,8.97,8.68,11.4,190.0,6.0,41,10.25,-07,59.0,26.1
283,06427+0143,7.96,8.95,36.3,158.0,6.0,42,40.55,+01,42.0,58.2
284,06428-2227,6.27,8.3,18.1,145.0,6.0,42,46.04,-22,26.0,54.9
285,06428-5027,6.97,8.76,40.8,270.0,6.0,42,48.84,-50,27.0,06.4
286,06442-5442,6.44,6.66,129.3,192.0,6.0,44,12.79,-54,41.0,43.8
287,06457-2041,7.79,8.49,24.9,86.0,6.0,45,40.85,-20,41.0,37.0
288,06475-2834,7.8,8.54,54.8,167.0,6.0,47,27.39,-28,33.0,31.6
289,06484-1326,8.58,8.31,84.6,165.0,6.0,48,21.40,-13,26.0,27.0
290,06496-2409,7.16,8.18,26.9,4.0,6.0,49,38.05,-24,8.0,36.5
291,06497-2405,6.56,8.28,30.3,282.0,6.0,49,44.00,-24,4.0,33.7
292,06497-2405,7.98,8.71,29.8,286.0,6.0,49,43.94,-24,4.0,35.4
293,06510-5614,8.74,8.98,16.6,311.0,6.0,50,59.37,-56,14.0,23.7
294,06539-0424,7.78,8.39,32.6,323.0,6.0,53,56.06,-04,23.0,32.8
295,06541+0641,7.2,7.52,115.9,89.0,6.0,54,06.05,+06,41.0,15.8
296,06558-1152,8.96,8.98,37.2,240.0,6.0,55,45.11,-11,51.0,32.8
297,06566-2239,7.48,8.53,23.3,44.0,6.0,56,34.17,-22,38.0,41.5
298,06573-0610,8.6,8.8,57.1,96.0,6.0,57,20.92,-06,9.0,35.9
299,06581+1414,7.25,7.37,124.1,53.0,6.0,58,06.59,+14,13.0,43.4
300,06581+1414,7.25,8.37,81.2,112.0,6.0,58,06.59,+14,13.0,43.4
301,06581+1414,7.37,8.37,106.8,193.0,6.0,58,13.45,+14,14.0,57.2
302,06595+3706,7.88,8.14,26.4,55.0,6.0,59,27.19,+37,5.0,53.5
303,07002-2243,8.36,8.58,91.3,272.0,7.0,00,09.50,-22,43.0,10.2
304,07006+1243,7.43,7.74,67.7,28.0,7.0,00,37.12,+12,43.0,24.2
305,07013+3225,6.59,8.26,172.0,301.0,7.0,01,17.01,+32,24.0,52.4
306,07015-0307,7.68,8.77,22.3,7.0,7.0,01,27.05,-03,7.0,03.3
307,07023+1235,7.29,8.67,38.5,247.0,7.0,02,18.43,+12,34.0,54.2
308,07041+7514,7.22,8.19,12.8,32.0,7.0,04,03.92,+75,13.0,39.1
309,07043+0129,6.54,7.62,90.3,319.0,7.0,04,20.17,+01,29.0,18.6
310,07060-4220,7.19,8.77,72.2,41.0,7.0,05,57.79,-42,19.0,39.3
311,07080+1532,7.86,7.74,171.9,99.0,7.0,08,00.24,+15,31.0,42.9
312,07081-1155,7.04,8.75,157.9,282.0,7.0,08,03.44,-11,55.0,23.8
313,07092-5622,8.1,8.46,36.7,143.0,7.0,09,13.80,-56,21.0,36.4
314,07096+2544,7.16,7.79,123.3,79.0,7.0,09,35.47,+25,43.0,44.7
315,07097+6045,6.76,7.95,184.0,164.0,7.0,09,37.77,+60,47.0,31.5
316,07113-2148,6.91,8.49,13.6,238.0,7.0,11,20.93,-21,48.0,11.8
317,07126-3613,7.73,8.81,47.3,13.0,7.0,12,34.65,-36,14.0,02.7
318,07128+5548,8.37,8.67,27.0,130.0,7.0,12,50.93,+55,48.0,12.2
319,07170-3054,6.32,7.82,37.5,183.0,7.0,16,57.22,-30,53.0,49.3
320,07181-1342,8.66,8.73,25.2,14.0,7.0,18,03.38,-13,42.0,02.4
321,07199+5455,8.08,8.8,19.4,21.0,7.0,19,51.29,+54,55.0,18.4
322,07214-4832,6.78,7.74,22.8,157.0,7.0,21,22.16,-48,31.0,37.5
323,07217-6157,6.89,8.36,170.4,210.0,7.0,21,41.12,-61,57.0,05.3
324,07219+4614,8.12,8.25,80.9,88.0,7.0,21,47.68,+46,13.0,31.1
325,07223+5009,7.51,7.67,15.1,256.0,7.0,22,15.11,+50,8.0,55.7
326,07228+0730,8.32,8.66,25.4,68.0,7.0,22,48.33,+07,29.0,40.5
327,07251-2110,7.21,8.3,97.7,303.0,7.0,25,07.97,-21,10.0,25.9
328,07254+5633,7.72,7.75,112.8,322.0,7.0,25,26.36,+56,32.0,38.9
329,07260+1406,7.38,8.71,112.8,238.0,7.0,26,02.42,+14,6.0,10.7
330,07265+1831,7.27,8.17,60.8,98.0,7.0,26,27.33,+18,31.0,00.8
331,07266+7305,7.6,7.79,31.6,85.0,7.0,26,35.11,+73,4.0,57.5
332,07270-3419,7.08,8.06,17.7,227.0,7.0,26,58.67,-34,18.0,43.9
333,07276-1830,6.89,7.63,39.6,116.0,7.0,27,34.48,-18,29.0,30.8
334,07277+2208,6.98,8.89,35.3,277.0,7.0,27,40.54,+22,8.0,29.3
335,07279-1133,6.22,8.87,19.8,314.0,7.0,27,51.66,-11,33.0,24.7
336,07287+2439,7.65,8.95,64.7,20.0,7.0,28,40.62,+24,38.0,54.9
337,07292+1421,7.17,8.24,55.6,349.0,7.0,29,13.42,+14,21.0,30.0
338,07304+1352,7.36,8.04,111.9,131.0,7.0,30,26.25,+13,51.0,54.0
339,07309+3034,8.64,8.83,88.4,115.0,7.0,30,54.90,+30,34.0,26.2
340,07317-4317,8.34,8.98,16.4,209.0,7.0,31,44.14,-43,17.0,23.4
341,07321-0853,6.03,8.73,23.9,113.0,7.0,32,05.82,-08,52.0,51.3
342,07328+2253,6.62,8.21,11.7,179.0,7.0,32,50.63,+22,53.0,15.4
343,07366-1429,6.92,7.66,84.0,3.0,7.0,36,36.06,-14,29.0,03.7
344,07366-1429,6.92,6.67,164.7,28.0,7.0,36,36.06,-14,29.0,03.7
345,07366-1429,6.92,8.58,195.8,356.0,7.0,36,36.06,-14,29.0,03.7
346,07366-1429,7.66,6.67,95.7,49.0,7.0,36,36.29,-14,27.0,40.4
347,07366-1429,7.66,8.58,112.9,350.0,7.0,36,36.29,-14,27.0,40.4
348,07376-1426,6.51,8.74,66.0,338.0,7.0,37,38.80,-14,26.0,26.7
349,07389+4229,7.59,7.78,61.6,358.0,7.0,38,52.37,+42,28.0,31.5
350,07422-0331,8.13,8.49,20.1,235.0,7.0,42,12.50,-03,31.0,10.4
351,07442-5027,6.64,7.59,52.0,133.0,7.0,44,12.62,-50,27.0,25.5
352,07459+6509,7.78,7.8,14.9,186.0,7.0,45,52.47,+65,9.0,28.1
353,07462-5949,8.23,8.32,23.2,45.0,7.0,46,14.81,-59,48.0,50.7
354,07471-4130,6.89,7.84,49.3,177.0,7.0,47,07.19,-41,30.0,13.4
355,07478-1601,6.6,6.54,128.1,313.0,7.0,47,45.21,-16,0.0,52.1
356,07490+0040,7.48,8.9,57.1,6.0,7.0,48,58.22,+00,39.0,42.9
357,07510+3137,6.83,7.69,76.6,84.0,7.0,51,00.20,+31,36.0,48.7
358,07522-4219,7.48,8.4,74.1,266.0,7.0,52,14.46,-42,19.0,21.1
359,07558+1027,7.01,8.89,76.3,273.0,7.0,55,47.65,+10,26.0,36.4
360,07592-4959,6.23,6.24,16.3,48.0,7.0,59,12.30,-49,58.0,36.6
361,08004-4216,7.97,8.88,93.2,3.0,8.0,00,23.15,-42,16.0,29.9
362,08013-2220,7.15,7.62,43.0,70.0,8.0,01,18.57,-22,20.0,13.1
363,08014-5431,6.1,7.86,40.2,162.0,8.0,01,23.04,-54,30.0,55.9
364,08025+6305,6.15,7.53,51.6,81.0,8.0,02,30.82,+63,5.0,25.2
365,08037-4634,8.36,8.71,18.2,227.0,8.0,03,42.81,-46,34.0,00.9
366,08047-6250,6.22,7.8,86.3,259.0,8.0,04,42.93,-62,50.0,10.9
367,08052-4525,8.37,8.64,27.1,17.0,8.0,05,10.29,-45,24.0,50.5
368,08057-3000,8.46,8.91,43.0,268.0,8.0,05,39.85,-29,59.0,31.2
369,08057-3334,6.26,8.44,21.9,88.0,8.0,05,44.88,-33,34.0,09.9
370,08063-4021,8.14,8.66,53.1,243.0,8.0,06,15.23,-40,20.0,37.2
371,08065-0915,6.22,7.77,30.6,328.0,8.0,06,27.42,-09,14.0,40.1
372,08082-6105,6.91,8.45,11.5,98.0,8.0,08,12.91,-61,4.0,38.0
373,08085-1952,7.03,7.62,134.2,57.0,8.0,08,29.64,-19,51.0,36.8
374,08091-3931,7.74,8.72,39.9,249.0,8.0,09,02.63,-39,30.0,49.4
375,08093-5101,7.61,8.99,16.7,179.0,8.0,09,18.46,-51,0.0,44.4
376,08102+2551,6.58,8.82,188.4,22.0,8.0,10,13.10,+25,50.0,40.1
377,08113+0117,8.72,8.77,33.4,338.0,8.0,11,15.97,+01,16.0,05.5
378,08136-3621,7.26,7.29,125.0,26.0,8.0,13,18.19,-36,20.0,30.2
379,08165+7930,8.4,8.64,20.6,15.0,8.0,16,31.05,+79,30.0,03.5
380,08184-2017,8.84,8.77,54.2,153.0,8.0,18,21.08,-20,16.0,19.7
381,08195+3503,7.21,8.36,94.7,210.0,8.0,19,31.80,+35,2.0,44.5
382,08205-5130,8.34,8.82,29.2,258.0,8.0,20,28.25,-51,29.0,45.8
383,08211+4725,8.56,8.25,78.4,288.0,8.0,21,07.47,+47,24.0,47.0
384,08228-7626,7.24,8.17,26.0,130.0,8.0,22,48.14,-76,25.0,50.9
385,08247+4200,6.2,8.56,84.6,175.0,8.0,24,42.77,+42,0.0,18.8
386,08248+2009,7.41,8.62,36.9,192.0,8.0,24,49.18,+20,9.0,10.8
387,08287-1732,8.44,8.92,15.0,174.0,8.0,28,43.94,-17,31.0,30.8
388,08306-4031,7.01,7.66,63.8,52.0,8.0,30,34.41,-40,30.0,42.0
389,08354+6616,8.73,8.97,30.4,352.0,8.0,35,23.34,+66,16.0,15.1
390,08362+1347,7.39,8.11,43.2,133.0,8.0,36,10.95,+13,46.0,39.2
391,08379-0648,6.82,8.27,60.5,175.0,8.0,37,50.29,-06,48.0,24.7
392,08391-4613,8.88,8.95,10.5,156.0,8.0,39,04.17,-46,13.0,36.5
393,08397+0546,7.33,8.56,26.1,30.0,8.0,39,43.80,+05,45.0,51.4
394,08399+1933,7.31,7.47,45.7,158.0,8.0,39,56.49,+19,33.0,10.7
395,08399+1933,7.31,6.67,92.1,242.0,8.0,39,56.49,+19,33.0,10.7
396,08399+1933,6.67,7.47,99.6,89.0,8.0,39,50.72,+19,32.0,26.9
397,08401+2000,6.47,6.58,151.8,150.0,8.0,40,06.44,+20,0.0,28.1
398,08401+2000,6.47,8.79,134.9,111.0,8.0,40,06.44,+20,0.0,28.1
399,08404+1940,6.52,7.61,62.5,343.0,8.0,40,22.11,+19,40.0,11.9
400,08404-4223,6.91,7.8,130.2,1.0,8.0,40,21.13,-42,23.0,21.4
401,08405+1933,6.28,7.48,134.0,250.0,8.0,40,27.01,+19,32.0,41.3
402,08435+4852,7.72,7.87,10.1,331.0,8.0,43,25.41,+48,51.0,41.9
403,08466-2944,7.47,7.78,110.3,189.0,8.0,46,36.33,-29,43.0,41.2
404,08472+1110,8.32,8.56,12.7,353.0,8.0,47,10.99,+11,9.0,34.2
405,08497-4249,7.42,8.89,19.6,332.0,8.0,49,40.27,-42,49.0,24.5
406,08499+1450,7.66,8.45,16.5,123.0,8.0,49,55.86,+14,50.0,00.2
407,08520+2543,7.65,8.45,50.0,312.0,8.0,52,00.46,+25,43.0,07.4
408,08553-1122,6.88,8.84,63.6,217.0,8.0,55,17.09,-11,22.0,18.1
409,08562-5532,7.87,8.29,65.9,1.0,8.0,56,11.24,-55,31.0,42.0
410,08571-4315,7.4,8.82,46.1,238.0,8.0,57,07.56,-43,15.0,22.3
411,09032-1740,8.61,8.96,32.0,327.0,9.0,03,10.05,-17,39.0,38.6
412,09033-3336,7.1,7.93,13.6,153.0,9.0,03,16.11,-33,36.0,02.3
413,09045-5620,7.18,8.77,13.5,219.0,9.0,04,32.85,-56,20.0,27.8
414,09056+5018,7.84,8.47,79.5,259.0,9.0,05,39.04,+50,17.0,41.7
415,09066+0249,8.48,8.38,11.7,273.0,9.0,06,38.25,+02,49.0,06.3
416,09084+2732,8.3,8.31,51.5,274.0,9.0,08,27.16,+27,32.0,35.3
417,09128+6141,7.33,7.65,25.1,28.0,9.0,12,45.94,+61,40.0,32.7
418,09139+0252,7.18,8.57,148.7,268.0,9.0,13,54.52,+02,51.0,46.2
419,09142-5021,8.96,8.99,25.6,12.0,9.0,14,10.66,-50,20.0,55.2
420,09144+5241,7.79,7.88,16.9,99.0,9.0,14,22.79,+52,41.0,11.8
421,09171+0717,8.32,8.03,107.2,170.0,9.0,17,07.79,+07,16.0,30.7
422,09179-6948,8.15,8.52,10.4,19.0,9.0,17,54.99,-69,48.0,16.8
423,09184-2022,7.81,8.99,75.0,286.0,9.0,18,25.03,-20,22.0,16.2
424,09215-1745,8.16,8.97,46.5,317.0,9.0,21,32.34,-17,45.0,25.6
425,09233+0330,7.33,8.26,21.1,312.0,9.0,23,15.76,+03,30.0,05.0
426,09257-2920,8.86,8.9,45.9,55.0,9.0,25,41.47,-29,20.0,03.5
427,09265+7826,8.37,8.73,29.2,173.0,9.0,26,28.76,+78,26.0,16.1
428,09286-4530,7.11,7.56,60.4,99.0,9.0,28,34.19,-45,29.0,51.9
429,09293-4432,7.07,7.03,108.3,77.0,9.0,29,18.68,-44,32.0,20.2
430,09306+1036,8.95,8.86,13.8,242.0,9.0,30,35.95,+10,36.0,06.4
431,09312+6732,7.54,8.98,19.2,166.0,9.0,31,09.89,+67,32.0,28.4
432,09333-8601,7.13,7.6,15.4,276.0,9.0,33,17.66,-86,0.0,36.3
433,09336-4945,7.46,7.62,141.2,33.0,9.0,33,38.69,-49,45.0,28.6
434,09343+6648,8.26,8.31,10.2,249.0,9.0,34,19.56,+66,47.0,42.3
435,09348-3716,8.49,8.95,69.2,191.0,9.0,34,50.96,-37,15.0,38.3
436,09354+3958,6.98,7.98,25.1,150.0,9.0,35,22.50,+39,57.0,47.7
437,09354+3958,6.98,8.42,116.3,323.0,9.0,35,22.50,+39,57.0,47.7
438,09354+3958,7.98,8.42,141.6,324.0,9.0,35,23.62,+39,57.0,26.2
439,09384-5732,7.74,8.2,10.8,303.0,9.0,38,26.33,-57,31.0,50.8
440,09450-4929,8.08,8.23,18.9,250.0,9.0,45,03.66,-49,29.0,07.3
441,09541+0457,6.89,8.4,53.5,287.0,9.0,54,06.70,+04,56.0,43.5
442,09545-1255,8.69,6.92,152.8,135.0,9.0,54,27.37,-12,55.0,20.3
443,09570+1946,7.65,8.36,30.2,176.0,9.0,57,02.21,+19,45.0,44.6
444,10019-2841,8.08,8.81,21.9,33.0,10.0,01,51.51,-28,40.0,34.0
445,10021-5459,7.88,7.89,114.2,227.0,10.0,02,05.73,-54,58.0,53.9
446,10032-5203,7.37,8.31,49.9,194.0,10.0,03,10.44,-52,2.0,46.6
447,10040-1806,6.22,6.97,21.2,274.0,10.0,04,02.83,-18,6.0,05.1
448,10049+5529,7.91,8.92,33.1,105.0,10.0,04,54.93,+55,29.0,16.5
449,10097+0310,8.49,8.72,90.0,52.0,10.0,09,42.46,+03,9.0,43.6
450,10134-5054,8.31,8.66,30.5,327.0,10.0,13,21.19,-50,54.0,27.2
451,10145-6852,8.39,8.69,13.7,261.0,10.0,14,30.79,-68,52.0,24.9
452,10151-6717,7.67,8.36,64.4,238.0,10.0,15,06.24,-67,17.0,08.7
453,10158-5239,7.81,7.9,38.3,154.0,10.0,15,46.62,-52,38.0,37.3
454,10166+4117,7.4,8.78,106.9,6.0,10.0,16,38.13,+41,16.0,33.0
455,10178+7104,6.65,7.27,16.5,168.0,10.0,17,50.61,+71,3.0,38.9
456,10206-7109,8.14,8.64,27.8,208.0,10.0,20,40.33,-71,8.0,54.7
457,10208-6732,8.33,8.84,19.0,13.0,10.0,20,49.13,-67,31.0,32.7
458,10217-6920,8.21,8.55,46.2,328.0,10.0,21,40.76,-69,19.0,59.0
459,10237+0237,7.94,8.6,131.5,24.0,10.0,23,43.45,+02,37.0,09.6
460,10288-6235,8.3,8.76,22.0,220.0,10.0,28,48.49,-62,35.0,02.4
461,10299+2835,7.01,8.24,134.6,226.0,10.0,29,53.69,+28,34.0,52.4
462,10307-5429,8.1,8.67,114.6,171.0,10.0,30,44.23,-54,28.0,52.8
463,10307-6121,6.6,7.55,82.2,330.0,10.0,30,39.25,-61,21.0,23.3
464,10312-4214,7.34,8.04,83.5,291.0,10.0,31,13.32,-42,13.0,45.6
465,10320+2202,8.18,8.54,13.3,157.0,10.0,31,58.95,+22,2.0,22.0
466,10331-5947,8.29,8.8,76.9,47.0,10.0,33,06.75,-59,46.0,44.0
467,10333-5523,6.79,7.76,25.8,31.0,10.0,33,15.15,-55,23.0,12.8
468,10339-1750,8.28,8.88,114.0,51.0,10.0,33,51.43,-17,49.0,34.7
469,10349-6408,7.47,8.36,24.3,40.0,10.0,34,56.50,-64,8.0,02.5
470,10360-5815,8.27,8.45,11.8,345.0,10.0,35,58.86,-58,14.0,26.2
471,10390-5849,6.18,7.95,27.1,81.0,10.0,38,59.62,-58,49.0,00.7
472,10432-6110,6.59,7.88,12.4,174.0,10.0,43,09.44,-61,10.0,06.7
473,10432-6110,6.59,8.14,83.7,17.0,10.0,43,09.44,-61,10.0,06.7
474,10432-6110,7.88,8.14,95.2,14.0,10.0,43,09.59,-61,10.0,19.0
475,10441-5935,8.59,7.89,12.6,288.0,10.0,44,08.84,-59,34.0,34.4
476,10443-7052,6.26,6.47,62.6,75.0,10.0,44,20.10,-70,51.0,35.0
477,10446-5944,7.76,8.57,18.8,214.0,10.0,44,33.74,-59,44.0,15.5
478,10451-5941,6.54,8.14,60.8,17.0,10.0,45,03.54,-59,41.0,03.9
479,10476-1516,6.66,7.0,65.9,28.0,10.0,47,37.93,-15,15.0,42.9
480,10476-1516,6.66,7.59,72.6,27.0,10.0,47,37.93,-15,15.0,42.9
481,10476-1538,7.74,8.86,30.5,10.0,10.0,47,36.55,-15,37.0,36.1
482,10534-0215,6.22,8.71,35.2,179.0,10.0,53,24.96,-02,15.0,18.8
483,10546-3845,7.01,8.5,25.9,42.0,10.0,54,35.46,-38,45.0,16.0
484,10570-7121,8.23,8.43,25.1,155.0,10.0,57,00.93,-71,21.0,14.5
485,10598+5854,7.25,8.84,33.8,36.0,10.0,59,49.47,+58,54.0,23.3
486,11045+3814,6.04,7.56,150.1,83.0,11.0,04,31.28,+38,14.0,28.9
487,11100-2936,8.23,8.97,12.6,266.0,11.0,09,59.24,-29,36.0,00.7
488,11113+6601,8.31,8.34,102.4,53.0,11.0,11,19.37,+66,0.0,48.4
489,11113+6601,8.31,8.49,166.7,314.0,11.0,11,19.37,+66,0.0,48.4
490,11117-6027,7.81,8.54,52.5,13.0,11.0,11,39.09,-60,26.0,36.1
491,11118+4250,7.24,8.3,135.0,247.0,11.0,11,48.95,+42,49.0,55.6
492,11125+3549,6.48,7.32,161.7,68.0,11.0,12,32.35,+35,48.0,50.6
493,11152+7329,7.77,8.23,67.6,103.0,11.0,15,11.91,+73,28.0,30.7
494,11157+4551,7.95,8.69,83.8,256.0,11.0,15,43.64,+45,51.0,18.4
495,11161+5246,6.54,7.81,12.4,344.0,11.0,16,04.03,+52,46.0,23.4
496,11170-0708,6.15,8.22,53.2,99.0,11.0,16,58.18,-07,8.0,04.9
497,11250-3555,8.14,8.97,50.9,346.0,11.0,24,57.86,-35,55.0,15.5
498,11268+0301,6.55,7.5,28.6,146.0,11.0,26,45.32,+03,0.0,47.2
499,11292-1721,7.85,8.45,27.7,330.0,11.0,29,14.74,-17,21.0,28.9
500,11313+5942,7.33,8.02,12.2,91.0,11.0,31,18.57,+59,42.0,03.3
501,11364-6139,7.13,8.96,72.8,315.0,11.0,36,28.37,-61,39.0,54.5
502,11370-3858,6.94,7.62,149.8,149.0,11.0,36,58.01,-38,57.0,34.3
503,11396+1900,7.26,8.41,22.2,304.0,11.0,39,36.50,+18,59.0,48.3
504,11400-3806,6.74,8.04,17.1,95.0,11.0,39,58.50,-38,6.0,30.1
505,11465-7055,8.74,8.87,46.4,299.0,11.0,46,27.81,-70,54.0,37.1
506,11492+6720,7.5,8.3,10.9,180.0,11.0,49,10.50,+67,19.0,42.8
507,11520+0850,7.43,7.89,30.5,210.0,11.0,51,57.57,+08,49.0,48.0
508,11545+1925,8.28,8.49,73.4,36.0,11.0,54,32.07,+19,24.0,40.4
509,11550-6235,7.73,8.93,18.8,266.0,11.0,55,01.23,-62,34.0,39.6
510,11551+4629,6.68,6.97,62.5,114.0,11.0,55,05.74,+46,28.0,36.6
511,11551+4629,8.32,6.97,61.9,117.0,11.0,55,06.00,+46,28.0,39.6
512,11567-3216,7.67,7.83,18.7,82.0,11.0,56,42.30,-32,16.0,05.3
513,12001+7039,8.62,8.5,30.6,159.0,12.0,00,06.01,+70,39.0,33.7
514,12002+3644,7.48,8.39,86.3,83.0,12.0,00,09.90,+36,43.0,47.3
515,12015-0023,8.43,8.95,51.3,351.0,12.0,01,27.93,-00,22.0,43.6
516,12019+0006,7.81,8.49,73.2,177.0,12.0,01,56.96,+00,6.0,07.5
517,12023-8538,6.17,8.97,24.8,146.0,12.0,02,20.23,-85,37.0,54.3
518,12038-4407,8.14,8.84,23.2,41.0,12.0,03,46.29,-44,7.0,22.1
519,12048-6200,7.4,7.83,22.8,149.0,12.0,04,46.98,-61,59.0,48.6
520,12056+6848,7.5,7.94,125.3,182.0,12.0,05,33.52,+68,47.0,39.7
521,12081+5528,7.82,8.26,22.2,83.0,12.0,08,07.07,+55,27.0,50.7
522,12095-1151,6.86,8.12,10.5,4.0,12.0,09,28.54,-11,51.0,25.4
523,12110+8143,6.15,8.25,71.9,74.0,12.0,10,59.99,+81,42.0,35.4
524,12115+5325,8.11,8.27,13.6,221.0,12.0,11,27.76,+53,25.0,17.5
525,12141+3247,6.99,8.61,26.8,88.0,12.0,14,06.61,+32,47.0,03.2
526,12162+8008,7.24,7.78,14.5,217.0,12.0,16,11.66,+80,7.0,30.3
527,12182-0357,6.55,6.9,20.1,196.0,12.0,18,09.57,-03,56.0,55.6
528,12255-6929,7.88,8.68,12.7,66.0,12.0,25,30.45,-69,28.0,36.1
529,12302-5336,8.13,8.58,49.4,152.0,12.0,30,09.76,-53,35.0,39.9
530,12312+0120,7.68,8.69,49.5,290.0,12.0,31,14.61,+01,19.0,37.0
531,12316-1104,7.97,8.43,15.7,194.0,12.0,31,36.46,-11,4.0,20.2
532,12323-6144,8.18,8.96,44.3,226.0,12.0,32,17.38,-61,43.0,42.5
533,12357-1201,7.94,8.34,28.1,351.0,12.0,35,43.75,-12,1.0,30.0
534,12357-1201,7.94,6.78,151.2,275.0,12.0,35,43.75,-12,1.0,30.0
535,12383-1131,7.82,8.58,121.4,110.0,12.0,38,19.95,-11,31.0,01.1
536,12383-1131,8.58,8.91,92.7,112.0,12.0,38,27.65,-11,31.0,42.4
537,12453-0353,7.3,8.12,16.1,349.0,12.0,45,17.35,-03,53.0,17.0
538,12454+1422,7.16,7.68,37.5,170.0,12.0,45,26.17,+14,22.0,24.9
539,12483-6708,7.63,8.74,13.6,97.0,12.0,48,16.67,-67,7.0,52.4
540,12491+4213,8.6,8.81,45.1,45.0,12.0,49,07.52,+42,13.0,25.4
541,12519+1910,7.31,7.78,16.0,202.0,12.0,51,54.80,+19,10.0,19.9
542,12522+1704,6.5,6.99,196.3,51.0,12.0,52,12.26,+17,4.0,26.2
543,12536-6021,6.89,8.22,16.9,43.0,12.0,53,37.62,-60,21.0,25.4
544,12540-1802,7.07,8.17,23.5,295.0,12.0,54,00.29,-18,2.0,15.4
545,12582-5411,7.36,8.72,16.5,112.0,12.0,58,10.04,-54,11.0,08.6
546,12595-4832,8.85,8.88,11.6,74.0,12.0,59,32.83,-48,31.0,34.4
547,12598-5555,8.24,8.98,16.7,126.0,12.0,59,48.30,-55,54.0,44.3
548,13077+2401,8.24,8.6,39.0,21.0,13.0,07,39.71,+24,0.0,35.3
549,13135+6717,6.64,7.08,180.8,298.0,13.0,13,28.26,+67,17.0,16.6
550,13135+6717,6.64,8.89,104.5,225.0,13.0,13,28.26,+67,17.0,16.6
551,13135+6717,7.08,8.89,180.1,151.0,13.0,13,00.19,+67,18.0,34.9
552,13136+5643,6.88,8.11,126.0,216.0,13.0,13,36.89,+56,42.0,29.9
553,13149-1122,7.11,8.18,114.2,45.0,13.0,14,55.72,-11,22.0,09.9
554,13225-2257,8.13,8.32,27.5,80.0,13.0,22,32.32,-22,57.0,10.1
555,13237+0243,7.13,7.39,25.6,75.0,13.0,23,39.16,+02,43.0,24.0
556,13253+4028,8.67,8.85,90.4,233.0,13.0,25,17.27,+40,28.0,00.9
557,13271+6444,6.65,7.03,69.7,148.0,13.0,27,04.70,+64,44.0,07.6
558,13309+2414,7.67,8.28,76.8,256.0,13.0,30,52.21,+24,14.0,15.3
559,13321-6303,7.5,8.47,16.0,358.0,13.0,32,03.91,-63,2.0,30.8
560,13324-1240,7.6,8.58,48.1,78.0,13.0,32,24.72,-12,39.0,47.1
561,13356+1012,6.6,8.99,70.1,15.0,13.0,35,33.42,+10,12.0,17.9
562,13377+0223,6.79,8.56,16.1,31.0,13.0,37,44.01,+02,22.0,56.5
563,13440-5914,6.48,7.6,33.2,90.0,13.0,43,57.35,-59,14.0,09.6
564,13453-1031,8.71,8.81,46.7,116.0,13.0,45,19.87,-10,31.0,26.7
565,13465-6255,7.91,8.54,18.3,38.0,13.0,46,32.58,-62,55.0,24.5
566,13492-6206,7.66,8.01,13.2,38.0,13.0,49,14.24,-62,6.0,11.8
567,13493-4031,6.95,7.45,68.5,87.0,13.0,49,16.49,-40,30.0,59.0
568,13499-2811,7.82,8.97,47.5,90.0,13.0,49,54.40,-28,11.0,12.6
569,13504+2117,6.93,7.37,86.2,209.0,13.0,50,23.51,+21,16.0,35.8
570,13510+6819,6.53,8.32,87.4,62.0,13.0,50,59.40,+68,18.0,55.6
571,13515-4818,7.37,7.43,30.6,131.0,13.0,51,32.35,-48,17.0,35.7
572,13520-4752,7.02,8.42,23.2,198.0,13.0,52,02.91,-47,51.0,56.6
573,13535-3540,6.27,8.65,68.2,7.0,13.0,53,32.75,-35,39.0,51.2
574,13546-5041,8.12,8.3,17.5,76.0,13.0,54,38.89,-50,41.0,30.1
575,13546-6654,7.83,8.91,23.9,48.0,13.0,54,37.50,-66,54.0,04.1
576,13573-5602,7.59,8.83,39.9,56.0,13.0,57,17.24,-56,2.0,24.2
577,13575-5743,7.58,8.82,58.7,266.0,13.0,57,28.09,-57,42.0,40.0
578,14001-6247,7.19,8.94,29.1,98.0,14.0,00,05.52,-62,46.0,55.8
579,14048+2549,7.0,8.9,97.0,32.0,14.0,04,45.95,+25,49.0,03.9
580,14056-1804,8.31,8.93,31.9,171.0,14.0,05,38.56,-18,4.0,20.5
581,14077-5341,8.09,8.45,18.1,4.0,14.0,07,44.58,-53,41.0,27.9
582,14161+5643,7.16,6.73,112.2,219.0,14.0,16,08.47,+56,42.0,45.7
583,14169-7740,6.63,8.64,67.3,155.0,14.0,16,55.15,-77,39.0,51.2
584,14208-4225,7.2,8.88,78.5,212.0,14.0,20,50.71,-42,25.0,29.2
585,14215+5354,8.84,8.92,14.4,81.0,14.0,21,27.38,+53,53.0,50.9
586,14255-1958,6.61,7.16,35.0,296.0,14.0,25,29.91,-19,58.0,11.8
587,14276-4613,7.2,7.7,73.9,55.0,14.0,27,33.60,-46,12.0,49.3
588,14286+2817,7.11,7.56,25.2,263.0,14.0,28,33.29,+28,17.0,25.9
589,14343+2424,8.43,8.53,77.7,68.0,14.0,34,20.57,+24,23.0,30.5
590,14345-6317,8.73,8.83,13.2,62.0,14.0,34,31.50,-63,16.0,35.1
591,14358+0015,8.69,7.84,191.4,116.0,14.0,35,47.53,+00,14.0,34.5
592,14380-5431,8.04,8.37,65.7,102.0,14.0,38,00.57,-54,30.0,40.6
593,14404-2615,7.13,8.92,71.4,67.0,14.0,40,25.12,-26,15.0,20.5
594,14452-5536,6.08,7.55,69.3,105.0,14.0,45,10.96,-55,36.0,05.9
595,14538-0024,7.47,8.14,83.0,216.0,14.0,53,49.84,-00,24.0,19.6
596,14566-1406,8.2,8.86,126.7,163.0,14.0,56,37.90,-14,6.0,14.7
597,14568+7454,6.94,8.92,167.6,34.0,14.0,56,48.35,+74,54.0,03.3
598,14575+4010,8.27,8.88,12.7,42.0,14.0,57,27.87,+40,9.0,42.2
599,14580-6333,7.89,8.54,22.6,145.0,14.0,58,01.92,-63,33.0,10.1
600,14585-4726,7.37,8.36,24.6,164.0,14.0,58,31.70,-47,26.0,08.6
601,14596+5352,6.86,7.57,40.4,342.0,14.0,59,34.58,+53,51.0,36.7
602,15041+0530,7.19,7.37,10.1,348.0,15.0,04,06.44,+05,29.0,34.2
603,15045-1754,8.07,8.88,25.1,91.0,15.0,04,30.89,-17,54.0,13.0
604,15084-5842,8.82,8.92,56.1,263.0,15.0,08,23.36,-58,41.0,51.1
605,15107-4344,7.07,7.66,49.7,20.0,15.0,10,41.61,-43,43.0,47.5
606,15116-4517,6.53,7.31,30.1,255.0,15.0,11,34.82,-45,16.0,39.0
607,15118+6151,8.12,8.81,16.1,353.0,15.0,11,50.36,+61,51.0,25.3
608,15120+3840,8.56,8.74,30.3,283.0,15.0,12,00.00,+38,40.0,12.4
609,15124+5256,7.75,8.51,148.3,330.0,15.0,12,26.18,+52,55.0,48.3
610,15127+1917,6.71,7.38,23.2,11.0,15.0,12,43.48,+19,17.0,09.8
611,15140-4128,8.55,8.75,16.9,6.0,15.0,13,58.79,-41,27.0,46.8
612,15145-1826,6.79,8.32,47.5,141.0,15.0,14,28.13,-18,25.0,42.7
613,15145-4323,7.32,8.53,10.4,46.0,15.0,14,31.00,-43,23.0,13.2
614,15158+5056,6.56,8.94,67.2,101.0,15.0,15,50.71,+50,56.0,18.4
615,15158-3709,7.78,8.77,21.1,197.0,15.0,15,48.95,-37,8.0,55.7
616,15187+1026,7.2,8.07,13.4,166.0,15.0,18,41.98,+10,25.0,39.7
617,15201+6023,7.64,7.76,151.9,195.0,15.0,20,05.12,+60,22.0,48.7
618,15251-3810,7.06,8.45,120.5,70.0,15.0,25,06.45,-38,10.0,09.0
619,15282-0921,6.95,7.61,52.0,132.0,15.0,28,09.61,-09,20.0,53.1
620,15292+8027,6.64,7.3,31.6,80.0,15.0,29,11.19,+80,26.0,55.0
621,15307-5246,8.42,8.71,51.6,86.0,15.0,30,41.83,-52,46.0,16.5
622,15317-2010,6.31,8.94,11.2,280.0,15.0,31,43.41,-20,9.0,53.7
623,15325+0835,8.3,8.74,114.9,180.0,15.0,32,27.48,+08,34.0,37.3
624,15331-5812,8.73,8.82,39.3,295.0,15.0,33,09.31,-58,11.0,55.4
625,15346+4454,8.5,8.58,46.4,302.0,15.0,34,38.44,+44,54.0,25.6
626,15360+3948,6.9,7.75,120.4,328.0,15.0,36,02.22,+39,48.0,08.9
627,15382+3615,8.07,8.06,14.5,90.0,15.0,38,12.91,+36,14.0,48.6
628,15383+2431,7.03,8.83,151.0,327.0,15.0,38,16.63,+24,31.0,18.7
629,15387-0847,6.44,6.49,11.7,189.0,15.0,38,40.08,-08,47.0,29.4
630,15438-3928,7.6,8.8,114.3,132.0,15.0,43,49.89,-39,27.0,40.8
631,15453-5841,7.75,8.09,32.6,296.0,15.0,45,16.22,-58,41.0,13.7
632,15462-2804,7.58,8.97,50.5,213.0,15.0,46,12.89,-28,3.0,41.1
633,15464+3627,7.6,8.79,30.6,321.0,15.0,46,24.50,+36,26.0,45.6
634,15471-3531,6.91,7.26,34.7,143.0,15.0,47,04.47,-35,30.0,37.0
635,15548-5020,6.81,7.46,12.1,9.0,15.0,54,50.46,-50,20.0,17.9
636,15572+0324,7.31,8.71,10.6,321.0,15.0,57,14.92,+03,24.0,19.2
637,15579-3158,8.69,8.7,19.3,324.0,15.0,57,52.96,-31,58.0,14.3
638,15591-1956,8.11,8.5,17.8,318.0,15.0,59,07.80,-19,56.0,19.5
639,15595-7107,7.92,8.65,37.7,320.0,15.0,59,32.42,-71,6.0,45.3
640,15598+1723,8.59,8.88,20.1,43.0,15.0,59,46.92,+17,22.0,34.7
641,15599+6914,8.9,8.95,124.2,248.0,15.0,59,52.85,+69,13.0,30.9
642,16037-6030,7.13,8.11,53.0,179.0,16.0,03,44.47,-60,29.0,54.5
643,16044-1127,7.43,7.99,11.9,98.0,16.0,04,25.96,-11,26.0,57.6
644,16048+7016,6.87,8.78,46.9,83.0,16.0,04,48.95,+70,15.0,42.0
645,16060+1319,6.89,7.98,37.7,322.0,16.0,06,02.82,+13,19.0,15.5
646,16086-3906,6.62,7.13,44.4,184.0,16.0,08,34.56,-39,5.0,34.2
647,16201-2003,7.39,8.08,47.1,333.0,16.0,20,05.49,-20,3.0,23.0
648,16205-2007,7.62,8.33,12.6,20.0,16.0,20,30.58,-20,6.0,51.8
649,16215-5306,8.31,8.42,46.4,238.0,16.0,21,27.12,-53,6.0,03.0
650,16225-0415,7.41,8.53,120.6,22.0,16.0,22,32.71,-04,14.0,57.2
651,16273-2442,8.6,8.4,26.7,96.0,16.0,27,19.49,-24,41.0,40.4
652,16315+0818,7.07,8.28,59.2,71.0,16.0,31,30.62,+08,17.0,38.8
653,16331-6054,7.92,8.21,21.1,282.0,16.0,33,05.16,-60,54.0,12.8
654,16354+1703,6.41,7.26,155.3,1.0,16.0,35,26.29,+17,3.0,26.4
655,16366+6948,8.04,8.03,146.7,45.0,16.0,36,39.05,+69,47.0,34.7
656,16396+2300,7.56,8.13,16.7,91.0,16.0,39,36.33,+23,0.0,06.1
657,16435+2043,7.24,8.38,96.2,134.0,16.0,43,30.10,+20,42.0,58.0
658,16439-4107,6.11,6.22,97.3,257.0,16.0,43,54.09,-41,6.0,47.9
659,16457+3000,8.77,8.81,65.6,128.0,16.0,45,43.47,+30,0.0,17.2
660,16469+0215,6.75,8.83,149.1,217.0,16.0,46,53.02,+02,14.0,32.6
661,16475-4819,7.4,8.14,106.5,125.0,16.0,47,28.13,-48,19.0,10.1
662,16475-4819,7.4,8.21,130.4,144.0,16.0,47,28.13,-48,19.0,10.1
663,16475-4819,8.14,8.21,48.0,197.0,16.0,47,36.85,-48,20.0,11.3
664,16482-3653,7.51,8.37,24.0,138.0,16.0,48,11.34,-36,53.0,02.5
665,16487-5526,8.33,8.66,76.0,351.0,16.0,48,42.81,-55,26.0,01.6
666,16489+5930,7.79,8.93,46.6,348.0,16.0,48,52.51,+59,30.0,12.1
667,16540-4655,7.92,8.14,30.4,320.0,16.0,53,57.68,-46,55.0,01.2
668,16542-4151,6.39,7.74,30.5,36.0,16.0,54,11.64,-41,50.0,57.3
669,16579+4722,7.93,8.05,112.4,262.0,16.0,57,53.18,+47,22.0,00.0
670,16595+0942,8.25,8.74,76.4,165.0,16.0,59,29.54,+09,42.0,12.3
671,17040-5105,8.35,8.81,16.3,283.0,17.0,04,01.23,-51,5.0,01.2
672,17099-8219,7.15,8.88,34.9,5.0,17.0,09,51.65,-82,19.0,07.1
673,17111+2414,6.22,6.98,195.5,74.0,17.0,11,03.17,+24,14.0,15.4
674,17131+5408,8.36,8.87,89.3,235.0,17.0,13,06.26,+54,8.0,20.9
675,17204-1138,8.06,8.71,77.1,237.0,17.0,20,25.52,-11,36.0,59.1
676,17246+3913,7.48,8.44,89.2,197.0,17.0,24,38.83,+39,12.0,34.2
677,17246+3215,8.65,8.98,152.3,15.0,17.0,24,35.84,+32,14.0,58.9
678,17264-4837,7.09,8.92,127.0,314.0,17.0,26,22.42,-48,36.0,53.5
679,17279+1123,7.15,8.58,27.0,282.0,17.0,27,52.25,+11,23.0,25.8
680,17284+2950,8.57,8.91,102.9,89.0,17.0,28,23.13,+29,50.0,16.5
681,17290-4358,6.29,8.52,13.4,168.0,17.0,29,00.86,-43,58.0,26.1
682,17297+6351,7.67,8.4,193.5,288.0,17.0,29,44.45,+63,51.0,09.5
683,17317-4102,7.81,8.5,64.9,251.0,17.0,31,42.63,-41,2.0,22.6
684,17328+4753,7.83,8.94,67.1,359.0,17.0,32,49.72,+47,53.0,19.2
685,17348+0601,7.46,8.43,93.2,253.0,17.0,34,48.53,+06,1.0,25.8
686,17391+0202,6.37,7.78,111.3,328.0,17.0,39,08.48,+02,1.0,41.2
687,17392-5112,8.22,8.71,13.3,231.0,17.0,39,13.50,-51,12.0,01.9
688,17398-0458,7.83,8.47,26.4,267.0,17.0,39,47.28,-04,58.0,04.8
689,17404-3707,8.38,8.3,10.3,95.0,17.0,40,21.90,-37,6.0,42.7
690,17407+3117,6.43,7.92,118.3,106.0,17.0,40,41.23,+31,17.0,15.6
691,17446+0235,6.13,6.47,20.8,93.0,17.0,44,34.09,+02,34.0,45.9
692,17464-1318,8.06,8.13,14.4,25.0,17.0,46,21.07,-13,18.0,27.8
693,17512-3033,6.7,8.1,10.1,189.0,17.0,51,12.56,-30,33.0,24.8
694,17521+0107,6.67,7.26,79.3,238.0,17.0,52,05.20,+01,6.0,40.3
695,17538-3447,6.27,6.98,34.7,209.0,17.0,53,45.50,-34,47.0,09.7
696,17563+6237,7.77,7.59,54.1,53.0,17.0,56,20.17,+62,36.0,35.4
697,17590+3003,7.27,8.44,19.6,277.0,17.0,59,03.63,+30,2.0,56.1
698,17592+6409,7.31,7.63,21.4,282.0,17.0,59,13.71,+64,8.0,33.1
699,18015+0331,8.43,7.95,90.4,138.0,18.0,01,32.36,+03,31.0,27.4
700,18022+2058,8.27,8.83,145.9,155.0,18.0,02,10.03,+20,58.0,21.6
701,18024-2302,7.59,8.66,10.7,212.0,18.0,02,23.55,-23,1.0,50.9
702,18026-2415,7.4,8.63,35.6,26.0,18.0,02,38.62,-24,15.0,19.3
703,18029+5626,7.78,8.14,36.3,29.0,18.0,02,52.88,+56,25.0,40.3
704,18029+5626,7.78,8.53,33.6,39.0,18.0,02,52.88,+56,25.0,40.3
705,18031+4828,6.25,8.93,26.8,129.0,18.0,03,08.87,+48,27.0,51.3
706,18042-2230,7.22,8.52,29.7,316.0,18.0,04,12.64,-22,30.0,03.2
707,18053+8129,7.98,8.95,16.0,194.0,18.0,05,19.75,+81,29.0,08.1
708,18058+2127,7.2,7.64,132.5,239.0,18.0,05,49.72,+21,26.0,45.6
709,18060+0434,8.51,8.52,66.8,141.0,18.0,06,01.18,+04,34.0,58.0
710,18064-4145,7.58,8.48,28.1,344.0,18.0,06,26.83,-41,45.0,28.2
711,18073+1557,6.82,8.7,153.5,16.0,18.0,07,21.18,+15,54.0,59.3
712,18073+1557,6.82,8.31,112.2,340.0,18.0,07,21.18,+15,54.0,59.3
713,18073+1557,8.7,8.31,91.2,243.0,18.0,07,24.17,+15,57.0,24.2
714,18080+0337,8.72,8.9,92.3,359.0,18.0,07,57.78,+03,37.0,15.9
715,18089-2528,6.78,8.76,13.5,64.0,18.0,08,54.04,-25,28.0,23.0
716,18106-1645,8.27,8.59,28.6,353.0,18.0,10,33.56,-16,44.0,57.4
717,18106-7511,7.68,8.61,13.1,172.0,18.0,10,33.96,-75,11.0,17.1
718,18130+2815,8.16,8.28,54.8,136.0,18.0,12,59.40,+28,15.0,27.4
719,18176-3406,6.03,8.7,93.8,41.0,18.0,17,36.25,-34,6.0,26.0
720,18187-1837,6.86,7.63,17.2,51.0,18.0,18,43.26,-18,37.0,10.8
721,18222-5534,8.07,8.45,31.2,177.0,18.0,22,09.91,-55,33.0,51.1
722,18239+5848,8.07,7.95,86.5,20.0,18.0,23,54.53,+58,48.0,06.5
723,18244-2932,8.13,8.68,44.7,169.0,18.0,24,26.56,-29,31.0,54.8
724,18267+2627,6.48,7.09,162.8,285.0,18.0,26,40.93,+26,26.0,57.2
725,18281-2645,6.3,8.7,54.1,135.0,18.0,28,06.17,-26,45.0,25.8
726,18286+0451,7.68,8.8,47.2,162.0,18.0,28,33.52,+04,50.0,55.2
727,18290-2635,6.67,7.99,41.8,182.0,18.0,28,57.36,-26,34.0,55.5
728,18307+0431,6.97,8.75,100.0,5.0,18.0,30,41.17,+04,30.0,39.0
729,18319-1908,6.87,8.84,144.8,281.0,18.0,31,53.33,-19,7.0,30.2
730,18319-1908,6.87,8.99,165.0,194.0,18.0,31,53.33,-19,7.0,30.2
731,18319-1908,8.14,8.84,161.3,142.0,18.0,31,37.55,-19,5.0,18.9
732,18329+3850,7.02,8.12,150.1,328.0,18.0,32,51.48,+38,49.0,59.8
733,18349-4801,8.36,8.88,45.2,171.0,18.0,34,51.20,-48,0.0,46.9
734,18359+1659,6.74,8.5,198.7,235.0,18.0,35,53.22,+16,58.0,32.5
735,18375+0313,7.79,8.36,153.6,142.0,18.0,37,27.01,+03,13.0,12.4
736,18399-2531,8.6,8.84,53.2,285.0,18.0,39,52.28,-25,30.0,16.5
737,18413+3018,7.05,8.75,14.1,192.0,18.0,41,16.36,+30,17.0,40.9
738,18421+3445,6.45,7.73,25.0,82.0,18.0,42,08.09,+34,44.0,46.7
739,18429+4456,7.28,8.7,25.5,8.0,18.0,42,55.42,+44,55.0,30.9
740,18445+3400,7.91,8.66,64.9,5.0,18.0,44,30.74,+33,59.0,46.1
741,18462+4408,8.11,8.9,76.0,47.0,18.0,46,12.21,+44,8.0,08.3
742,18472+1655,6.81,8.59,65.3,26.0,18.0,47,19.94,+16,54.0,30.6
743,18479+1110,7.51,8.32,104.6,159.0,18.0,47,53.50,+11,9.0,48.7
744,18497-0555,6.15,8.23,111.8,171.0,18.0,49,40.96,-05,54.0,46.2
745,18510-2018,6.7,7.5,93.6,101.0,18.0,50,59.87,-20,17.0,42.3
746,18523+3926,8.96,8.99,100.0,330.0,18.0,52,15.05,+39,25.0,49.4
747,18540-4716,7.11,7.28,87.2,62.0,18.0,54,01.61,-47,16.0,27.4
748,18545+0154,7.45,7.51,94.3,112.0,18.0,54,30.59,+01,53.0,51.5
749,18549+3358,6.14,7.6,45.4,350.0,18.0,54,52.52,+33,58.0,06.9
750,18569-3320,7.14,8.84,48.9,11.0,18.0,56,56.53,-33,19.0,46.0
751,18590+0330,8.56,8.65,34.7,48.0,18.0,58,57.05,+03,29.0,57.9
752,19000+1253,7.45,8.96,16.5,261.0,18.0,59,58.76,+12,53.0,24.1
753,19006-0807,7.92,8.64,29.5,177.0,19.0,00,33.93,-08,6.0,31.8
754,19011-3704,6.33,6.58,12.8,280.0,19.0,01,04.30,-37,3.0,41.6
755,19020+1907,7.06,7.95,173.8,339.0,19.0,01,57.65,+19,7.0,29.6
756,19027-0043,8.44,8.93,27.8,88.0,19.0,02,44.38,-00,42.0,40.4
757,19031-4543,7.95,8.83,18.6,212.0,19.0,03,05.28,-45,42.0,42.1
758,19046+2320,7.25,8.57,12.4,262.0,19.0,04,38.50,+23,19.0,45.5
759,19046+2320,7.25,8.46,143.8,108.0,19.0,04,38.50,+23,19.0,45.5
760,19046+2320,8.57,8.46,155.1,106.0,19.0,04,37.62,+23,19.0,43.7
761,19080+2601,7.35,8.7,83.7,38.0,19.0,08,01.76,+26,0.0,43.3
762,19081-2650,7.27,8.65,45.3,124.0,19.0,08,08.10,-26,50.0,04.8
763,19088+3446,7.03,8.44,13.8,267.0,19.0,08,45.20,+34,45.0,37.1
764,19091+3436,6.78,7.88,16.0,263.0,19.0,09,04.35,+34,35.0,59.9
765,19124-5148,7.24,8.36,70.2,250.0,19.0,12,24.12,-51,48.0,20.0
766,19126+1651,7.11,8.02,98.4,276.0,19.0,12,34.45,+16,50.0,47.2
767,19127-3351,7.34,7.78,31.6,182.0,19.0,12,44.13,-33,50.0,46.2
768,19135+3902,8.01,8.71,39.2,56.0,19.0,13,29.33,+39,2.0,15.9
769,19139-4722,8.06,8.35,18.0,351.0,19.0,13,55.66,-47,21.0,30.1
770,19171+0920,8.34,8.71,19.5,14.0,19.0,17,03.16,+09,20.0,19.6
771,19200+0535,7.73,8.49,29.3,356.0,19.0,20,01.09,+05,35.0,15.7
772,19201+2639,7.39,7.5,62.7,0.0,19.0,20,07.47,+26,38.0,41.6
773,19202+0403,8.26,8.9,12.1,65.0,19.0,20,10.32,+04,2.0,47.3
774,19207+1425,7.87,8.83,79.7,266.0,19.0,20,40.85,+14,25.0,08.7
775,19234-1800,8.69,8.65,22.7,53.0,19.0,23,25.49,-17,59.0,57.8
776,19240-4557,8.58,8.62,15.9,190.0,19.0,24,01.10,-45,56.0,35.7
777,19254+2542,8.31,8.72,116.0,268.0,19.0,25,24.94,+25,42.0,32.7
778,19268+5009,7.46,8.58,73.3,297.0,19.0,26,47.94,+50,8.0,43.7
779,19282-0932,8.34,8.54,12.0,124.0,19.0,28,12.93,-09,32.0,15.9
780,19295+7816,7.69,8.27,11.2,19.0,19.0,29,30.03,+78,15.0,55.8
781,19312+6319,8.34,8.03,55.8,269.0,19.0,31,12.30,+63,18.0,52.5
782,19314+3643,8.99,8.92,52.2,248.0,19.0,31,26.20,+36,42.0,37.8
783,19332+6010,6.47,8.19,74.9,287.0,19.0,33,10.07,+60,9.0,31.3
784,19352+2601,8.14,8.56,109.6,338.0,19.0,35,10.23,+26,0.0,33.2
785,19364+3541,8.1,8.43,54.9,33.0,19.0,36,21.91,+35,40.0,39.7
786,19365+4101,7.74,7.76,166.9,161.0,19.0,36,32.28,+41,0.0,35.1
787,19392-1654,7.17,7.45,10.3,236.0,19.0,39,12.97,-16,54.0,28.3
788,19402+6030,6.51,8.91,18.2,26.0,19.0,40,13.20,+60,30.0,25.6
789,19407+2343,6.64,8.25,118.2,66.0,19.0,40,39.58,+23,43.0,04.7
790,19426+4002,7.9,8.31,106.9,166.0,19.0,42,34.25,+40,1.0,35.6
791,19428+3741,7.71,7.98,61.1,121.0,19.0,42,48.56,+37,41.0,12.5
792,19428+3741,7.71,8.14,146.0,228.0,19.0,42,48.56,+37,41.0,12.5
793,19428+0823,6.95,8.69,27.2,251.0,19.0,42,45.86,+08,22.0,57.5
794,19431-0818,7.11,7.56,96.3,145.0,19.0,43,03.26,-08,18.0,26.2
795,19457+3605,6.37,7.04,14.9,125.0,19.0,45,39.65,+36,5.0,27.6
796,19459+3501,6.22,8.18,38.8,25.0,19.0,45,51.35,+35,0.0,45.9
797,19518+2614,7.69,7.47,116.1,249.0,19.0,51,45.25,+26,14.0,14.0
798,19534+2020,7.14,7.34,41.7,147.0,19.0,53,22.65,+20,20.0,14.1
799,19551+3041,7.09,8.76,104.9,194.0,19.0,55,05.17,+30,41.0,15.3
800,19579+2715,7.81,7.97,92.3,136.0,19.0,57,54.45,+27,15.0,07.3
801,19579-0904,7.77,8.7,115.1,119.0,19.0,57,53.70,-09,3.0,30.3
802,19583-5154,7.65,8.23,80.9,242.0,19.0,58,15.29,-51,53.0,43.4
803,20001+1737,7.16,8.45,112.8,14.0,20.0,00,08.28,+17,36.0,38.6
804,20007+3635,6.69,8.97,71.6,202.0,20.0,00,44.81,+36,35.0,23.0
805,20019-1733,8.0,8.34,15.8,135.0,20.0,01,51.78,-17,33.0,00.3
806,20021+5439,8.53,8.39,163.2,53.0,20.0,02,07.92,+54,38.0,28.0
807,20021+5439,8.39,8.92,160.3,158.0,20.0,02,22.85,+54,40.0,07.5
808,20023+6438,6.36,8.06,98.9,332.0,20.0,02,20.16,+64,38.0,03.8
809,20057+3536,7.79,8.82,69.4,323.0,20.0,05,39.80,+35,36.0,28.1
810,20060+3547,6.78,7.3,36.3,28.0,20.0,05,57.32,+35,47.0,18.2
811,20060+3546,7.89,8.73,20.2,236.0,20.0,06,01.36,+35,45.0,55.9
812,20060+3546,7.89,6.78,95.7,329.0,20.0,06,01.36,+35,45.0,55.9
813,20066+0735,7.12,7.55,64.6,185.0,20.0,06,38.76,+07,34.0,34.2
814,20074+6511,7.7,8.01,126.7,123.0,20.0,07,26.78,+65,11.0,15.0
815,20078+1950,8.36,8.37,40.1,77.0,20.0,07,45.66,+19,50.0,14.0
816,20084+3808,7.98,8.12,44.0,229.0,20.0,08,21.92,+38,8.0,20.0
817,20099+2055,6.56,8.85,11.6,331.0,20.0,09,56.61,+20,54.0,53.2
818,20099+2055,6.56,7.52,91.9,222.0,20.0,09,56.61,+20,54.0,53.2
819,20099+2055,8.85,7.52,95.7,215.0,20.0,09,56.25,+20,55.0,04.3
820,20106+3338,7.76,8.43,42.6,106.0,20.0,10,35.13,+33,38.0,02.7
821,20113-0008,7.16,7.98,56.4,211.0,20.0,11,18.86,-00,7.0,35.3
822,20133+3502,8.48,8.89,81.6,28.0,20.0,13,18.85,+35,1.0,30.5
823,20134+3844,8.0,7.15,131.7,354.0,20.0,13,23.66,+38,43.0,44.5
824,20142+0635,7.77,8.06,43.9,192.0,20.0,14,09.77,+06,35.0,20.3
825,20152-0330,6.96,8.14,14.4,233.0,20.0,15,10.63,-03,30.0,12.9
826,20165+3739,8.04,8.82,16.8,49.0,20.0,16,31.39,+37,38.0,31.2
827,20168+3731,8.65,8.72,147.1,293.0,20.0,16,52.85,+37,31.0,04.7
828,20169+3130,6.91,8.89,50.8,297.0,20.0,16,54.99,+31,30.0,18.7
829,20183+2539,6.96,8.13,122.8,151.0,20.0,18,17.06,+25,38.0,53.7
830,20196+4754,7.97,8.98,65.4,231.0,20.0,19,41.66,+47,54.0,19.9
831,20196+1300,8.07,8.34,27.8,322.0,20.0,19,38.48,+13,0.0,17.2
832,20197+4108,7.19,8.91,45.5,321.0,20.0,19,44.88,+41,8.0,18.7
833,20198+3707,6.58,8.65,76.6,257.0,20.0,19,48.32,+37,7.0,57.1
834,20205-2912,6.66,7.55,27.3,321.0,20.0,20,27.88,-29,11.0,50.0
835,20212+4335,7.85,8.54,16.7,111.0,20.0,21,14.01,+43,35.0,21.2
836,20215+3035,6.78,8.54,134.9,287.0,20.0,21,29.56,+30,35.0,25.0
837,20227+1320,8.29,8.6,76.5,100.0,20.0,22,43.76,+13,20.0,25.4
838,20228+5325,7.97,8.89,38.2,199.0,20.0,22,49.54,+53,25.0,02.8
839,20229+4259,6.41,8.01,85.8,65.0,20.0,22,55.49,+42,59.0,00.4
840,20229+2708,8.26,8.85,84.8,331.0,20.0,22,51.41,+27,7.0,54.5
841,20230+3913,6.72,8.63,43.7,255.0,20.0,22,57.65,+39,12.0,39.7
842,20231+4048,7.48,7.19,199.3,139.0,20.0,23,06.70,+40,48.0,01.7
843,20264+5638,6.37,8.31,25.1,118.0,20.0,26,23.47,+56,38.0,19.3
844,20275-0206,6.76,7.51,60.1,189.0,20.0,27,27.56,-02,6.0,10.5
845,20280-4237,8.22,8.77,35.7,267.0,20.0,27,59.86,-42,37.0,10.6
846,20284-1309,8.52,8.88,22.8,67.0,20.0,28,23.50,-13,9.0,23.0
847,20287+4737,7.62,8.45,160.1,102.0,20.0,28,44.47,+47,36.0,40.4
848,20297+3808,8.14,8.45,16.3,32.0,20.0,29,43.18,+38,7.0,31.5
849,20302+1925,6.8,7.3,106.3,288.0,20.0,30,14.44,+19,25.0,15.7
850,20312+1116,7.12,7.39,17.8,255.0,20.0,31,11.94,+11,15.0,33.7
851,20322-2209,7.77,8.1,39.4,129.0,20.0,32,13.27,-22,9.0,17.4
852,20327+2903,8.24,8.32,128.1,108.0,20.0,32,41.33,+29,3.0,14.0
853,20347+4051,6.9,8.6,13.8,330.0,20.0,34,44.72,+40,51.0,46.6
854,20347+3230,6.99,8.75,24.1,285.0,20.0,34,44.60,+32,30.0,21.1
855,20349+4651,7.85,8.56,83.5,241.0,20.0,34,51.07,+46,50.0,51.3
856,20366-7104,6.83,8.86,48.0,285.0,20.0,36,35.96,-71,4.0,17.2
857,20368+1444,8.35,8.42,25.1,290.0,20.0,36,49.41,+14,43.0,42.4
858,20368+1444,8.35,8.76,77.8,234.0,20.0,36,49.41,+14,43.0,42.4
859,20368+1444,8.42,8.76,67.0,215.0,20.0,36,47.77,+14,43.0,51.0
860,20375+3134,6.29,6.54,182.7,177.0,20.0,37,31.77,+31,34.0,21.1
861,20378+3224,8.23,8.76,53.3,41.0,20.0,37,45.00,+32,23.0,42.9
862,20379+4757,7.94,8.62,55.3,195.0,20.0,37,51.14,+47,56.0,41.9
863,20387+3838,6.83,8.67,57.9,323.0,20.0,38,40.19,+38,38.0,06.3
864,20396+4035,6.76,8.72,68.6,70.0,20.0,39,33.31,+40,34.0,46.8
865,20413+2922,8.1,8.46,119.3,143.0,20.0,41,18.52,+29,21.0,34.2
866,20417-7521,6.51,7.07,16.6,19.0,20.0,41,44.10,-75,21.0,02.9
867,20419+2043,7.46,8.07,102.6,163.0,20.0,41,51.69,+20,42.0,51.0
868,20425+4916,8.42,8.93,15.4,184.0,20.0,42,29.79,+49,15.0,59.1
869,20450-5029,7.96,7.48,125.5,123.0,20.0,44,57.56,-50,29.0,16.5
870,20471+3210,7.41,8.81,99.4,237.0,20.0,47,08.48,+32,10.0,20.1
871,20484-1812,7.24,7.79,15.8,293.0,20.0,48,25.96,-18,12.0,06.1
872,20493+5845,6.85,7.88,94.9,268.0,20.0,49,19.01,+58,44.0,55.5
873,20501-2722,7.25,8.79,18.7,67.0,20.0,50,05.07,-27,22.0,03.8
874,20527+0720,8.39,8.58,40.2,145.0,20.0,52,42.97,+07,19.0,47.6
875,20585+1626,7.51,8.57,15.0,254.0,20.0,58,32.23,+16,26.0,12.2
876,20591+0418,6.31,7.05,10.6,66.0,20.0,59,04.46,+04,17.0,36.6
877,21011-2944,7.1,8.18,87.6,152.0,21.0,01,03.30,-29,43.0,43.2
878,21012+3602,6.11,8.87,74.3,39.0,21.0,01,12.86,+36,1.0,33.6
879,21022-4300,6.68,6.95,57.4,73.0,21.0,02,12.73,-43,0.0,07.7
880,21026+2141,8.35,8.02,74.6,241.0,21.0,02,36.08,+21,41.0,28.2
881,21028+4551,6.46,7.82,152.1,330.0,21.0,02,48.62,+45,50.0,56.0
882,21036+5358,8.56,8.91,54.4,97.0,21.0,03,38.86,+53,57.0,50.2
883,21038-4041,8.01,8.7,50.5,318.0,21.0,03,48.90,-40,41.0,26.8
884,21039+4138,6.37,8.64,57.4,185.0,21.0,03,52.13,+41,37.0,41.4
885,21101-4851,8.63,8.87,28.4,187.0,21.0,10,08.14,-48,50.0,26.7
886,21105+4742,6.55,7.52,136.7,189.0,21.0,10,30.96,+47,41.0,32.0
887,21105+2227,6.65,7.42,18.1,301.0,21.0,10,32.07,+22,27.0,16.7
888,21118+5959,6.09,8.9,118.8,211.0,21.0,11,48.24,+59,59.0,11.8
889,21135+0713,7.25,7.17,184.1,172.0,21.0,13,27.24,+07,13.0,04.9
890,21143+3418,7.35,8.09,102.4,47.0,21.0,14,19.79,+34,17.0,39.6
891,21218+0202,7.49,8.64,22.6,20.0,21.0,21,47.59,+02,1.0,38.5
892,21223+5734,8.23,8.69,84.1,192.0,21.0,22,20.42,+57,33.0,54.6
893,21224+5218,8.68,8.97,29.9,40.0,21.0,22,25.99,+52,17.0,54.0
894,21237-3947,7.51,8.98,94.0,153.0,21.0,23,40.56,-39,46.0,43.7
895,21238-0635,7.65,8.27,58.1,93.0,21.0,23,50.84,-06,35.0,02.2
896,21251+0923,7.44,8.98,26.4,241.0,21.0,25,05.66,+09,23.0,02.6
897,21314+4829,7.64,8.82,50.0,101.0,21.0,31,44.65,+48,29.0,03.7
898,21344+6644,7.07,7.18,183.1,25.0,21.0,34,25.84,+66,43.0,35.5
899,21370-3553,7.4,8.64,78.4,265.0,21.0,36,58.09,-35,53.0,03.0
900,21377+0637,6.18,7.5,38.7,349.0,21.0,37,43.64,+06,37.0,06.2
901,21390+5729,7.48,7.53,30.6,325.0,21.0,38,58.88,+57,29.0,14.6
902,21395+4144,7.67,8.48,29.1,43.0,21.0,39,28.71,+41,43.0,36.0
903,21404+5735,7.44,8.64,12.7,58.0,21.0,40,21.45,+57,34.0,53.7
904,21424+4105,6.3,7.8,145.5,132.0,21.0,42,22.94,+41,4.0,37.3
905,21440-5720,6.54,6.9,152.3,4.0,21.0,43,59.16,-57,19.0,30.4
906,21440-5720,6.54,7.47,187.0,214.0,21.0,43,59.16,-57,19.0,30.4
907,21441+2845,6.18,6.94,196.7,45.0,21.0,44,08.46,+28,44.0,34.6
908,21441+0709,7.49,8.47,87.4,258.0,21.0,44,07.92,+07,9.0,29.7
909,21467-0607,8.49,8.95,70.6,359.0,21.0,46,42.12,-06,6.0,36.4
910,21492+5031,7.77,8.32,13.2,213.0,21.0,49,14.48,+50,30.0,54.2
911,21509+3240,8.28,8.42,58.1,322.0,21.0,50,54.61,+32,39.0,31.0
912,21531+6806,7.52,8.91,76.3,245.0,21.0,53,08.19,+68,6.0,26.9
913,21538+6237,7.07,7.91,62.7,145.0,21.0,53,48.11,+62,36.0,51.9
914,21541+1803,8.54,8.76,74.9,326.0,21.0,54,06.56,+18,3.0,23.9
915,21543+1943,6.45,7.99,22.4,110.0,21.0,54,17.44,+19,43.0,05.3
916,21572+6609,6.38,6.75,100.4,128.0,21.0,57,11.10,+66,9.0,22.2
917,21575+0409,7.1,8.57,75.2,287.0,21.0,57,30.97,+04,9.0,27.8
918,21576+6842,8.39,8.9,35.5,36.0,21.0,57,38.70,+68,41.0,46.0
919,21580+0556,7.21,7.73,10.9,56.0,21.0,58,01.45,+05,56.0,25.3
920,21582+8252,7.0,7.47,13.8,66.0,21.0,58,13.53,+82,52.0,10.8
921,21586+0601,7.98,8.93,93.5,222.0,21.0,58,36.57,+06,0.0,50.0
922,22039+5949,6.66,7.84,184.0,72.0,22.0,03,53.86,+59,48.0,52.5
923,22039+5949,7.84,6.96,136.4,346.0,22.0,04,17.12,+59,49.0,49.3
924,22039+5949,6.96,8.14,193.1,34.0,22.0,04,12.86,+59,52.0,01.8
925,22045+1551,7.95,8.96,63.9,322.0,22.0,04,30.12,+15,51.0,28.6
926,22047+6120,7.19,8.71,80.0,347.0,22.0,04,44.51,+61,20.0,16.2
927,22083+6959,7.86,8.11,66.7,207.0,22.0,08,17.22,+69,58.0,56.4
928,22086+5917,7.14,7.98,22.8,315.0,22.0,08,36.04,+59,17.0,22.2
929,22093+4451,6.73,6.77,110.2,286.0,22.0,09,15.19,+44,50.0,47.3
930,22129+7318,6.19,7.91,28.9,348.0,22.0,12,52.76,+73,18.0,25.9
931,22185+6313,7.8,8.57,21.3,241.0,22.0,18,27.80,+63,13.0,22.4
932,22189+3746,6.21,8.85,15.8,194.0,22.0,18,56.21,+37,46.0,09.4
933,22193+6319,6.14,8.46,10.9,78.0,22.0,19,18.40,+63,18.0,45.0
934,22195-6048,8.39,8.74,26.5,204.0,22.0,19,30.28,-60,47.0,33.5
935,22220-3431,7.47,7.47,141.9,37.0,22.0,21,57.60,-34,31.0,13.0
936,22226+0956,8.02,8.97,90.6,113.0,22.0,22,33.91,+09,56.0,24.5
937,22237+2051,6.28,8.54,92.7,306.0,22.0,23,39.56,+20,50.0,54.0
938,22237-7248,7.96,8.4,18.9,267.0,22.0,23,43.48,-72,48.0,13.6
939,22246-4127,6.68,8.15,14.8,59.0,22.0,24,39.23,-41,26.0,25.2
940,22259-7501,6.19,8.85,20.9,79.0,22.0,25,51.16,-75,0.0,56.5
941,22269+4943,8.15,8.49,36.3,134.0,22.0,26,55.18,+49,42.0,43.0
942,22345+0413,7.55,8.85,13.7,144.0,22.0,34,31.58,+04,13.0,20.6
943,22361+7253,7.56,8.42,42.2,137.0,22.0,36,08.65,+72,52.0,51.1
944,22386-1404,7.51,8.75,83.8,289.0,22.0,38,34.64,-14,4.0,01.3
945,22395+4123,8.26,8.5,78.1,47.0,22.0,39,32.84,+41,22.0,52.4
946,22397-2820,6.43,7.5,86.5,157.0,22.0,39,44.12,-28,19.0,32.0
947,22452-4535,8.85,8.99,146.6,19.0,22.0,45,10.00,-45,35.0,05.6
948,22461+5804,7.65,8.64,30.7,116.0,22.0,46,05.29,+58,4.0,19.6
949,22478-0414,7.3,8.58,60.6,85.0,22.0,47,50.05,-04,13.0,43.6
950,22478-0414,7.68,8.58,59.3,85.0,22.0,47,50.14,-04,13.0,44.3
951,22518+4119,7.06,8.11,81.6,338.0,22.0,51,49.41,+41,18.0,46.7
952,22518+4119,7.06,8.85,119.1,263.0,22.0,51,49.41,+41,18.0,46.7
953,22527+6759,7.02,7.58,69.2,280.0,22.0,52,42.28,+67,59.0,24.5
954,22553-4828,7.14,6.71,93.9,181.0,22.0,55,16.15,-48,27.0,56.6
955,22562+7250,7.57,8.42,119.2,280.0,22.0,56,13.13,+72,50.0,14.5
956,22586+1203,8.28,8.37,84.9,160.0,22.0,58,33.60,+12,3.0,04.4
957,23051+5844,7.02,8.23,166.1,273.0,23.0,05,06.34,+58,43.0,56.7
958,23065+4655,7.75,8.57,80.0,31.0,23.0,06,32.96,+46,55.0,25.0
959,23100+4758,7.21,8.02,15.6,257.0,23.0,09,58.87,+47,57.0,33.8
960,23100+3651,7.78,8.26,67.7,318.0,23.0,10,02.57,+36,50.0,53.9
961,23100+1426,6.61,8.88,31.4,270.0,23.0,09,57.10,+14,25.0,35.6
962,23141-0855,7.6,8.17,25.1,175.0,23.0,14,07.48,-08,55.0,27.6
963,23144+2946,6.45,8.68,190.7,181.0,23.0,14,21.71,+29,46.0,18.5
964,23180-6100,6.87,8.17,51.8,294.0,23.0,18,00.80,-61,0.0,13.2
965,23191+4855,7.27,8.62,54.5,235.0,23.0,19,07.65,+48,55.0,09.9
966,23208-5018,6.15,6.58,17.0,212.0,23.0,20,50.13,-50,18.0,23.0
967,23239-5349,6.14,7.07,26.4,211.0,23.0,23,54.52,-53,48.0,31.5
968,23258+4521,7.95,8.57,185.5,43.0,23.0,25,45.69,+45,20.0,50.6
969,23260+2742,7.92,8.5,62.5,195.0,23.0,25,59.72,+27,42.0,25.8
970,23272-5017,7.63,8.54,26.5,81.0,23.0,27,11.05,-50,16.0,47.0
971,23280+2335,7.95,8.87,80.0,122.0,23.0,27,58.12,+23,35.0,12.2
972,23281-0228,8.48,8.11,57.4,46.0,23.0,28,05.70,-02,27.0,33.0
973,23307+0515,7.77,8.37,10.7,185.0,23.0,30,40.76,+05,14.0,58.0
974,23386+4441,8.3,8.76,127.3,304.0,23.0,38,33.16,+44,41.0,11.9
975,23412+0616,7.8,8.58,13.9,311.0,23.0,41,11.47,+06,15.0,46.0
976,23479+1703,8.35,8.36,60.5,358.0,23.0,47,51.79,+17,3.0,21.6
977,23487+6453,6.76,8.44,50.6,350.0,23.0,48,39.03,+64,52.0,35.3
978,23499-4218,7.44,8.44,115.0,315.0,23.0,49,54.65,-42,18.0,02.6
979,23530+1155,7.27,7.91,18.7,283.0,23.0,52,59.94,+11,55.0,27.4
980,23549+2929,6.77,8.37,111.1,145.0,23.0,54,56.40,+29,28.0,32.2
981,23553-3155,6.09,6.82,133.9,1.0,23.0,55,16.59,-31,55.0,17.3
982,23592+5032,7.32,8.12,100.1,139.0,23.0,59,14.74,+50,31.0,45.3
983,23592+4112,7.78,8.22,113.5,192.0,23.0,59,09.03,+41,12.0,06.3
984,23595-2631,8.05,8.3,10.4,169.0,23.0,59,30.38,-26,31.0,25.4
